rental_id,duration,bike_id,end_rental_date_time,end_station_id,end_station_name,start_rental_date_time,start_station_id,start_station_name,start_longitude,start_latitude,end_longitude,end_latitude,year
98203947,8580.0,9374.0,2020-06-14 17:29:00,186.0,"South Wharf Road, Paddington",2020-06-14 15:06:00,34,"Pancras Road, King's Cross",-0.129387,51.5341,-0.175811,51.5173,2020
76783653,900.0,3852.0,2018-06-14 18:27:00,338.0,"Wellington Street , Strand",2018-06-14 18:12:00,213,"Wellington Arch, Hyde Park",-0.149569,51.5027,-0.119643,51.5118,2018
86754858,540.0,14837.0,2019-05-12 17:31:00,251.0,"Brushfield Street, Liverpool Street",2019-05-12 17:22:00,126,"Museum of London, Barbican",-0.0964969,51.5178,-0.079249,51.5189,2019
99904293,1200.0,15202.0,2020-07-25 20:26:00,38.0,"Abingdon Villas, Kensington",2020-07-25 20:06:00,766,"Ram Street, Wandsworth",-0.192166,51.4575,-0.197246,51.4974,2020
98024675,840.0,1674.0,2020-06-09 18:03:00,430.0,"South Parade, Chelsea",2020-06-09 17:49:00,157,"Wright's Lane, Kensington",-0.193068,51.5004,-0.17524,51.489,2020
74265121,240.0,13886.0,2018-04-03 13:39:00,30.0,"Windsor Terrace, Hoxton",2018-04-03 13:35:00,75,"Torrens Street, Angel",-0.1054809999999999,51.5322,-0.0934216,51.5292,2018
69039931,780.0,2363.0,2017-09-02 10:44:00,719.0,"Victoria Park Road, Hackney Central",2017-09-02 10:31:00,460,"Burdett Road, Mile End",-0.029138,51.5162,-0.0541623,51.5364,2017
96212252,120.0,14937.0,2020-04-14 15:19:00,526.0,"Lancaster Drive, Blackwall",2020-04-14 15:17:00,526,"Lancaster Drive, Blackwall",-0.008428,51.5031,-0.008428,51.5031,2020
67143907,1560.0,5012.0,2017-07-09 17:00:00,326.0,"Graham Street, Angel",2017-07-09 16:34:00,719,"Victoria Park Road, Hackney Central",-0.0541623,51.5364,-0.0999811,51.5327,2017
61861521,720.0,666.0,2017-01-22 20:42:00,723.0,"Stephendale Road, Sands End",2017-01-22 20:30:00,664,"Austin Road, Battersea Park",-0.155443,51.4744,-0.190346,51.4682,2017
76111322,1260.0,2969.0,2018-05-28 13:15:00,105.0,"Westbourne Grove, Bayswater",2018-05-28 12:54:00,37,"Penywern Road, Earl's Court",-0.192369,51.4916,-0.190241,51.5155,2018
72722801,1140.0,7306.0,2018-01-19 08:52:00,303.0,"Albert Gate, Hyde Park",2018-01-19 08:33:00,383,"Frith Street, Soho",-0.131214,51.5131,-0.1584559999999999,51.503,2018
62627288,300.0,3103.0,2017-02-24 11:09:00,557.0,"King Edward Street, St Pauls",2017-02-24 11:04:00,52,"Roscoe Street, St. Luke's",-0.0949348999999999,51.523,-0.0985,51.516000000000005,2017
69157902,300.0,1265.0,2017-09-06 03:21:00,272.0,"Baylis Road, Waterloo",2017-09-06 03:16:00,309,"Embankment (Savoy), Strand",-0.119048,51.5096,-0.110699,51.5014,2017
61690338,1020.0,11423.0,2017-01-15 13:50:00,64.0,"William IV Street, Strand",2017-01-15 13:33:00,175,"Appold Street, Liverpool Street",-0.0811189,51.5217,-0.124749,51.5095,2017
97964307,1920.0,17334.0,2020-06-07 18:59:00,587.0,"Monument Street, Monument",2020-06-07 18:27:00,270,"Kennington Lane Rail Bridge, Vauxhall",-0.122492,51.4863,-0.08497,51.5096,2020
66161993,480.0,9221.0,2017-06-16 08:18:00,246.0,"Berry Street, Clerkenwell",2017-06-16 08:10:00,3,"Christopher Street, Liverpool Street",-0.0846057,51.5213,-0.0999941,51.5229,2017
93241306,1080.0,11701.0,2019-11-25 11:54:00,5.0,"Sedding Street, Sloane Square",2019-11-25 11:36:00,144,"Kennington Cross, Kennington",-0.111436,51.4889,-0.156876,51.4931,2019
97164128,180.0,16481.0,2020-05-20 19:21:00,755.0,"The Vale, Chelsea",2020-05-20 19:18:00,216,"Old Brompton Road, South Kensington",-0.181191,51.4909,-0.174972,51.4851,2020
74829959,600.0,3006.0,2018-04-21 21:00:00,116.0,"Little Argyll Street, West End",2018-04-21 20:50:00,99,"Old Quebec Street, Marylebone",-0.158264,51.5146,-0.141424,51.5145,2018
86543033,120.0,6073.0,2019-05-05 12:08:00,491.0,"Queen Mary's, Mile End",2019-05-05 12:06:00,491,"Queen Mary's, Mile End",-0.041378,51.5225,-0.041378,51.5225,2019
80551670,360.0,4932.0,2018-09-20 18:17:00,243.0,"Gloucester Street, Pimlico",2018-09-20 18:11:00,646,"Buckingham Gate, Westminster",-0.137425,51.4989,-0.139625,51.49100000000001,2018
74141387,420.0,5882.0,2018-03-26 16:51:00,553.0,"Regent's Row , Haggerston ",2018-03-26 16:44:00,501,"Cephas Street, Bethnal Green",-0.054883,51.5226,-0.062546,51.5357,2018
88135384,840.0,10054.0,2019-06-21 21:00:00,829.0,"Wynne Road, Stockwell",2019-06-21 20:46:00,235,"Kennington Road  , Vauxhall",-0.110889,51.4957,-0.112687,51.469217,2019
94146540,780.0,6965.0,2020-01-08 17:24:00,334.0,"Concert Hall Approach 1, South Bank",2020-01-08 17:11:00,331,"Bunhill Row, Moorgate",-0.0898878999999999,51.5209,-0.115851,51.505,2020
72318743,960.0,5301.0,2017-12-30 11:36:00,267.0,"Regency Street, Westminster",2017-12-30 11:20:00,138,"Green Street, Mayfair",-0.157437,51.5123,-0.132225,51.4921,2017
80968857,360.0,6839.0,2018-10-03 16:14:00,24.0,"British Museum, Bloomsbury",2018-10-03 16:08:00,433,"Wren Street, Holborn",-0.116279,51.5246,-0.124678,51.5191,2018
67222842,480.0,2194.0,2017-07-11 15:22:00,573.0,"Limerston Street, West Chelsea",2017-07-11 15:14:00,395,"Cadogan Gardens, Chelsea",-0.159919,51.4925,-0.18119,51.4856,2017
98182804,4260.0,8960.0,2020-06-14 12:14:00,689.0,"Spanish Road, Clapham Junction",2020-06-14 11:03:00,807,"Bevington Road West, North Kensington",-0.208617281,51.52113388,-0.180885,51.4592,2020
80295956,900.0,11368.0,2018-09-13 19:17:00,39.0,"Shoreditch High Street, Shoreditch",2018-09-13 19:02:00,450,"Jubilee Street, Stepney",-0.0531769999999999,51.516000000000005,-0.0781309,51.5264,2018
90549915,1020.0,8942.0,2019-08-26 12:06:00,621.0,"Wandsworth Town Station, Wandsworth",2019-08-26 11:49:00,653,"Simpson Street, Clapham Junction",-0.170704,51.4708,-0.187427,51.4609,2019
91476220,540.0,13061.0,2019-09-21 06:54:00,538.0,"Naval Row, Blackwall",2019-09-21 06:45:00,467,"Southern Grove, Bow",-0.030556,51.5235,-0.00699,51.50899999999999,2019
77680358,900.0,4668.0,2018-07-06 08:43:00,263.0,"St. Mary Axe, Aldgate",2018-07-06 08:28:00,374,"Waterloo Station 1, Waterloo",-0.113864,51.504,-0.0806601,51.5142,2018
100673029,780.0,217.0,2020-08-13 06:56:00,638.0,"Falcon Road, Clapham Junction",2020-08-13 06:43:00,649,"World's End Place, West Chelsea",-0.180275,51.4818,-0.169821,51.4666,2020
81497690,3360.0,5527.0,2018-10-19 14:07:00,39.0,"Shoreditch High Street, Shoreditch",2018-10-19 13:11:00,39,"Shoreditch High Street, Shoreditch",-0.0781309,51.5264,-0.0781309,51.5264,2018
76293794,1200.0,6017.0,2018-06-02 15:19:00,681.0,"Bishop's Avenue, Fulham",2018-06-02 14:59:00,618,"Eel Brook Common, Walham Green",-0.193254,51.4763,-0.21475,51.473,2018
82491765,180.0,7208.0,2018-11-24 12:03:00,29.0,"Hereford Road, Bayswater",2018-11-24 12:00:00,225,"Notting Hill Gate Station, Notting Hill",-0.196422,51.5094,-0.193487,51.5137,2018
78910591,660.0,8122.0,2018-08-04 19:46:00,89.0,"Tavistock Place, Bloomsbury",2018-08-04 19:35:00,88,"Bayley Street , Bloomsbury",-0.132053,51.5186,-0.12351,51.5263,2018
66695845,480.0,3673.0,2017-06-29 13:28:00,345.0,"Flood Street, Chelsea",2017-06-29 13:20:00,573,"Limerston Street, West Chelsea",-0.18119,51.4856,-0.166879,51.488,2017
82792587,420.0,15253.0,2018-12-07 18:06:00,14.0,"Belgrove Street , King's Cross",2018-12-07 17:59:00,51,"Finsbury Library , Finsbury",-0.104298,51.5267,-0.123617,51.5299,2018
63440724,240.0,2406.0,2017-03-27 17:25:00,55.0,"Finsbury Circus, Liverpool Street",2017-03-27 17:21:00,71,"Newgate Street , St. Paul's",-0.0988508999999999,51.5154,-0.0866855,51.5171,2017
98954489,1500.0,14884.0,2020-07-01 19:46:00,787.0,"Timber Lodge, Queen Elizabeth Olympic Park",2020-07-01 19:21:00,692,"Cadogan Close, Victoria Park",-0.0289416,51.5421,-0.0146912999999999,51.5468,2020
95296053,1140.0,16645.0,2020-02-25 19:05:00,223.0,"Rodney Road , Walworth",2020-02-25 18:46:00,107,"Finsbury Leisure Centre, St. Luke's",-0.0963176,51.526,-0.0902208999999999,51.4915,2020
98683808,900.0,273.0,2020-06-25 14:00:00,403.0,"George Place Mews, Marylebone",2020-06-25 13:45:00,540,"Albany Street, The Regent's Park",-0.144466,51.5283,-0.15825,51.5169,2020
77971589,960.0,9163.0,2018-07-13 01:24:00,495.0,"Bow Church Station, Bow",2018-07-13 01:08:00,790,"Stratford Station, Stratford",-0.00481,51.5418,-0.018703,51.5282,2018
99588677,480.0,17896.0,2020-07-18 12:14:00,633.0,"Vereker Road, West Kensington",2020-07-18 12:06:00,691,"Erin Close, Walham Green",-0.195777,51.4795,-0.209379,51.4896,2020
92482274,540.0,3016.0,2019-10-26 23:32:00,269.0,"Empire Square, The Borough",2019-10-26 23:23:00,420,"Southwark Station 1, Southwark",-0.1053119999999999,51.504,-0.0897408,51.5008,2019
74043389,1380.0,135.0,2018-03-22 16:19:00,625.0,"Queen's Circus, Battersea Park",2018-03-22 15:56:00,288,"Elizabeth Bridge, Victoria",-0.147479,51.4924,-0.149552,51.4776,2018
80941859,1200.0,4454.0,2018-10-02 19:46:00,587.0,"Monument Street, Monument",2018-10-02 19:26:00,213,"Wellington Arch, Hyde Park",-0.149569,51.5027,-0.08497,51.5096,2018
71412911,1440.0,4498.0,2017-11-16 17:23:00,85.0,"Tanner Street, Bermondsey",2017-11-16 16:59:00,22,"Northington Street , Holborn",-0.114079,51.5223,-0.0786003999999999,51.5006,2017
91875907,1020.0,1586.0,2019-10-04 18:39:00,159.0,"Great Marlborough Street, Soho",2019-10-04 18:22:00,105,"Westbourne Grove, Bayswater",-0.190241,51.5155,-0.137841,51.5146,2019
91323519,1440.0,16506.0,2019-09-17 08:52:00,104.0,"Crosswall, Tower",2019-09-17 08:28:00,425,"Harrington Square 2, Camden Town",-0.139159,51.5334,-0.0771213,51.5116,2019
64204940,420.0,3593.0,2017-04-19 19:16:00,34.0,"Pancras Road, King's Cross",2017-04-19 19:09:00,16,"Cartwright Gardens , Bloomsbury",-0.125979,51.5264,-0.129387,51.5341,2017
84871377,900.0,4358.0,2019-03-08 16:24:00,616.0,"Aintree Street, Fulham",2019-03-08 16:09:00,392,"Imperial College, Knightsbridge",-0.179702,51.4994,-0.209973,51.481,2019
96495826,1200.0,12534.0,2020-04-26 14:32:00,160.0,"Waterloo Place, St. James's",2020-04-26 14:12:00,649,"World's End Place, West Chelsea",-0.180275,51.4818,-0.131774,51.5066,2020
92337854,1620.0,8188.0,2019-10-21 18:19:00,419.0,"Chelsea Bridge, Pimlico",2019-10-21 17:52:00,593,"Northdown Street, King's Cross",-0.11934,51.5311,-0.149004,51.4858,2019
90160369,780.0,8087.0,2019-08-14 14:54:00,177.0,"Ashley Place, Victoria",2019-08-14 14:41:00,421,"Southwark Station 2, Southwark",-0.1053119999999999,51.504,-0.140948,51.4962,2019
96014020,7860.0,6294.0,2020-04-05 15:23:00,669.0,"Teversham Lane, Stockwell",2020-04-05 13:12:00,669,"Teversham Lane, Stockwell",-0.1232579999999999,51.4761,-0.1232579999999999,51.4761,2020
61497092,840.0,2979.0,2017-01-06 15:24:00,532.0,"Jubilee Plaza, Canary Wharf",2017-01-06 15:10:00,532,"Jubilee Plaza, Canary Wharf",-0.020068,51.5036,-0.020068,51.5036,2017
91212361,2040.0,2537.0,2019-09-14 01:23:00,345.0,"Flood Street, Chelsea",2019-09-14 00:49:00,33,"Central House, Aldgate",-0.0678275,51.5168,-0.166879,51.488,2019
69949130,1020.0,367.0,2017-09-30 15:07:00,792.0,"Blackfriars Road, Southwark",2017-09-30 14:50:00,125,"Borough High Street, The Borough",-0.0945243,51.5007,-0.104541,51.5055,2017
93396977,900.0,11922.0,2019-12-01 17:37:00,321.0,"Bermondsey Street, Bermondsey",2019-12-01 17:22:00,217,"Wormwood Street, Liverpool Street",-0.0824223999999999,51.5162,-0.081608,51.4979,2019
75397421,1260.0,3142.0,2018-05-09 05:57:00,546.0,"New Fetter Lane, Holborn",2018-05-09 05:36:00,497,"Merchant Street, Bow",-0.028619,51.5265,-0.1079869999999999,51.5174,2018
89819002,1140.0,529.0,2019-08-04 16:22:00,566.0,"Westfield Ariel Way, White City",2019-08-04 16:03:00,589,"Drayton Gardens, West Chelsea",-0.179369,51.4872,-0.224103,51.5092,2019
81368658,120.0,12837.0,2018-10-15 19:05:00,352.0,"Vauxhall Street, Vauxhall",2018-10-15 19:03:00,440,"Kennington Oval, Oval",-0.113134,51.4831,-0.116625,51.487,2018
65466729,540.0,9094.0,2017-05-28 12:15:00,638.0,"Falcon Road, Clapham Junction",2017-05-28 12:06:00,766,"Ram Street, Wandsworth",-0.192166,51.4575,-0.169821,51.4666,2017
92618471,480.0,15215.0,2019-10-31 14:06:00,427.0,"Cheapside, Bank",2019-10-31 13:58:00,810,"Tate Modern, Bankside",-0.098884952,51.50672097,-0.0929403,51.514,2019
73179395,540.0,135.0,2018-02-08 18:09:00,412.0,"Cleaver Street, Kennington",2018-02-08 18:00:00,273,"Belvedere Road 1, South Bank",-0.114686,51.5061,-0.110121,51.4881,2018
79001148,780.0,9620.0,2018-08-06 22:33:00,132.0,"Bethnal Green Road, Shoreditch",2018-08-06 22:20:00,436,"Red Lion Street, Holborn",-0.11655,51.5182,-0.0747549,51.5236,2018
68741982,1207.0,12248.0,2017-08-24 15:55:00,781.0,"Victoria & Albert Museum, South Kensington",2017-08-24 15:35:00,541,"Green Park Station, Mayfair",-0.142844,51.5066,-0.172065,51.4967,2017
97619520,2460.0,1294.0,2020-05-30 15:39:00,680.0,"Westbridge Road, Battersea",2020-05-30 14:58:00,708,"Disraeli Road, Putney",-0.216146,51.4616,-0.170329,51.4777,2020
75654619,1560.0,4831.0,2018-05-16 08:47:00,282.0,"Royal London Hospital, Whitechapel",2018-05-16 08:21:00,144,"Kennington Cross, Kennington",-0.111436,51.4889,-0.0596420999999999,51.5191,2018
83831026,180.0,12163.0,2019-01-25 21:07:00,132.0,"Bethnal Green Road, Shoreditch",2019-01-25 21:04:00,39,"Shoreditch High Street, Shoreditch",-0.0781309,51.5264,-0.0747549,51.5236,2019
75554862,360.0,11751.0,2018-05-13 16:54:00,77.0,"Russell Square Station, Bloomsbury",2018-05-13 16:48:00,18,"Drury Lane, Covent Garden",-0.12222,51.5148,-0.124122,51.5234,2018
97422564,1380.0,10642.0,2020-05-26 09:49:00,153.0,"Bayswater Road, Hyde Park",2020-05-26 09:26:00,387,"Fire Brigade Pier, Vauxhall",-0.121394,51.4937,-0.174293,51.5118,2020
83004078,180.0,949.0,2018-12-17 15:08:00,144.0,"Kennington Cross, Kennington",2018-12-17 15:05:00,149,"Kennington Road Post Office, Oval",-0.1106829999999999,51.4848,-0.111436,51.4889,2018
61895868,180.0,9245.0,2017-01-24 09:31:00,78.0,"Sadlers Sports Centre, Finsbury",2017-01-24 09:28:00,119,"Bath Street, St. Luke's",-0.0908478,51.5259,-0.0994895,51.5249,2017
88607414,180.0,6054.0,2019-07-03 18:43:00,255.0,"Clifton Road, Maida Vale",2019-07-03 18:40:00,286,"St. John's Wood Road, St. John's Wood",-0.174654,51.5273,-0.179593,51.5256,2019
88212354,300.0,14063.0,2019-06-24 07:45:00,34.0,"Pancras Road, King's Cross",2019-06-24 07:40:00,25,"Doric Way , Somers Town",-0.13225,51.5288,-0.129387,51.5341,2019
85586391,780.0,14806.0,2019-04-04 08:10:00,181.0,"Belgrave Square, Belgravia",2019-04-04 07:57:00,133,"Derry Street, Kensington",-0.191462,51.5014,-0.152318,51.4994,2019
65132836,1680.0,14438.0,2017-05-19 20:30:00,621.0,"Wandsworth Town Station, Wandsworth",2017-05-19 20:02:00,638,"Falcon Road, Clapham Junction",-0.169821,51.4666,-0.187427,51.4609,2017
99206992,840.0,15286.0,2020-07-08 18:53:00,480.0,"Flamborough Street, Limehouse",2020-07-08 18:39:00,130,"Tower Gardens , Tower",-0.0754595,51.5095,-0.0389865999999999,51.5129,2020
85672832,1740.0,10205.0,2019-04-07 19:09:00,159.0,"Great Marlborough Street, Soho",2019-04-07 18:40:00,318,"Sackville Street, Mayfair",-0.138846,51.51,-0.137841,51.5146,2019
72874454,1200.0,824.0,2018-01-26 11:04:00,279.0,"North Wharf Road, Paddington",2018-01-26 10:44:00,267,"Regency Street, Westminster",-0.132225,51.4921,-0.176646,51.5186,2018
100047012,2040.0,2044.0,2020-07-29 23:03:00,499.0,"Furze Green, Bow",2020-07-29 22:29:00,135,"Clerkenwell Green, Clerkenwell",-0.104709,51.5233,-0.021345,51.5193,2020
81765804,360.0,5909.0,2018-10-27 12:56:00,812.0,"Here East North, Queen Elizabeth Olympic Park",2018-10-27 12:50:00,785,"Aquatic Centre, Queen Elizabeth Olympic Park",-0.0105106,51.5409,-0.022626668,51.54872406,2018
70028574,780.0,367.0,2017-10-03 08:43:00,119.0,"Bath Street, St. Luke's",2017-10-03 08:30:00,89,"Tavistock Place, Bloomsbury",-0.12351,51.5263,-0.0908478,51.5259,2017
89194632,780.0,9738.0,2019-07-18 13:43:00,765.0,"Ranelagh Gardens, Fulham",2019-07-18 13:30:00,766,"Ram Street, Wandsworth",-0.192166,51.4575,-0.206827,51.4676,2019
78127615,1680.0,13147.0,2018-07-16 20:52:00,498.0,"Bow Road Station, Bow",2018-07-16 20:24:00,393,"Snow Hill, Farringdon",-0.103604,51.5173,-0.025296,51.5271,2018
82863210,240.0,8917.0,2018-12-11 08:02:00,635.0,"Greyhound Road, Hammersmith",2018-12-11 07:58:00,707,"Barons Court Station, West Kensington",-0.215087,51.4902,-0.214428,51.4861,2018
93279796,240.0,13794.0,2019-11-26 19:24:00,379.0,"Turquoise Island, Notting Hill",2019-11-26 19:20:00,650,"St. Mark's Road, North Kensington",-0.2138719999999999,51.5169,-0.200838,51.5143,2019
86595679,3120.0,429.0,2019-05-07 10:59:00,29.0,"Hereford Road, Bayswater",2019-05-07 10:07:00,76,"Longford Street, The Regent's Park",-0.144084,51.5256,-0.193487,51.5137,2019
84024541,660.0,9210.0,2019-02-05 06:33:00,340.0,"Bank of England Museum, Bank",2019-02-05 06:22:00,453,"Garnet Street, Shadwell",-0.0551669999999999,51.5084,-0.0875874,51.5144,2019
87318164,1320.0,3233.0,2019-05-28 14:45:00,173.0,"Waterloo Road, South Bank",2019-05-28 14:23:00,818,"One Tower Bridge, Bermondsey",-0.12382352,51.501513,-0.113001,51.5049,2019
67814796,1440.0,6233.0,2017-07-27 17:54:00,130.0,"Tower Gardens , Tower",2017-07-27 17:30:00,39,"Shoreditch High Street, Shoreditch",-0.0781309,51.5264,-0.0754595,51.5095,2017
69560543,780.0,4906.0,2017-09-19 08:43:00,66.0,"Holborn Circus, Holborn",2017-09-19 08:30:00,154,"Waterloo Station 3, Waterloo",-0.113864,51.504,-0.1086569999999999,51.518,2017
95442560,1020.0,14692.0,2020-03-03 15:02:00,628.0,"William Morris Way, Sands End",2020-03-03 14:45:00,187,"Queen's Gate (South), South Kensington",-0.1784329999999999,51.4925,-0.184319,51.4688,2020
74632936,240.0,777.0,2018-04-17 11:56:00,5.0,"Sedding Street, Sloane Square",2018-04-17 11:52:00,747,"Ormonde Gate, Chelsea",-0.161765,51.488,-0.156876,51.4931,2018
80600674,1320.0,13254.0,2018-09-22 12:48:00,69.0,"Euston Road, Euston",2018-09-22 12:26:00,427,"Cheapside, Bank",-0.0929403,51.514,-0.134408,51.5262,2018
71314656,1020.0,5485.0,2017-11-13 14:09:00,580.0,"Doddington Grove, Kennington",2017-11-13 13:52:00,427,"Cheapside, Bank",-0.0929403,51.514,-0.102996,51.4869,2017
93945828,1800.0,10193.0,2019-12-28 13:56:00,301.0,"Marylebone Lane, Marylebone",2019-12-28 13:26:00,383,"Frith Street, Soho",-0.131214,51.5131,-0.148105,51.5148,2019
71469079,420.0,13629.0,2017-11-19 04:41:00,251.0,"Brushfield Street, Liverpool Street",2017-11-19 04:34:00,489,"Christian Street, Whitechapel",-0.064094,51.5131,-0.079249,51.5189,2017
83874401,480.0,11062.0,2019-01-28 16:14:00,625.0,"Queen's Circus, Battersea Park",2019-01-28 16:06:00,185,"Alderney Street, Pimlico",-0.140741,51.4881,-0.149552,51.4776,2019
63521555,1920.0,5107.0,2017-03-30 08:41:00,556.0,"Heron Quays DLR, Canary Wharf",2017-03-30 08:09:00,374,"Waterloo Station 1, Waterloo",-0.113864,51.504,-0.021596,51.5027,2017
92023085,1980.0,1385.0,2019-10-09 18:45:00,437.0,"Vauxhall Walk, Vauxhall",2019-10-09 18:12:00,31,"Fanshaw Street, Hoxton",-0.0833533,51.5295,-0.120903,51.4881,2019
76672289,1740.0,10975.0,2018-06-11 22:00:00,458.0,"Wapping Lane, Wapping",2018-06-11 21:31:00,510,"Westferry DLR, Limehouse",-0.025996,51.5093,-0.057544,51.5047,2018
85186676,600.0,9826.0,2019-03-21 19:15:00,785.0,"Aquatic Centre, Queen Elizabeth Olympic Park",2019-03-21 19:05:00,786,"Lee Valley VeloPark, Queen Elizabeth Olympic Park",-0.0157176,51.5494,-0.0105106,51.5409,2019
90555454,1080.0,14309.0,2019-08-26 14:16:00,732.0,"Duke Street Hill, London Bridge",2019-08-26 13:58:00,762,"Storey's Gate, Westminster",-0.129699,51.5007,-0.087263,51.5063,2019
85187786,660.0,4367.0,2019-03-21 19:50:00,702.0,"Durant Street, Bethnal Green",2019-03-21 19:39:00,71,"Newgate Street , St. Paul's",-0.0988508999999999,51.5154,-0.0655503,51.5287,2019
84389380,1320.0,15527.0,2019-02-19 17:02:00,14.0,"Belgrove Street , King's Cross",2019-02-19 16:40:00,108,"Abbey Orchard Street, Westminster",-0.132102,51.4981,-0.123617,51.5299,2019
80549325,540.0,15796.0,2018-09-20 17:49:00,602.0,"Union Grove, Wandsworth Road",2018-09-20 17:40:00,832,"Ferndale Road, Brixton. ",-0.115795,51.464016,-0.133972,51.473,2018
89697322,480.0,12282.0,2019-08-01 15:50:00,154.0,"Waterloo Station 3, Waterloo",2019-08-01 15:42:00,587,"Monument Street, Monument",-0.08497,51.5096,-0.113864,51.504,2019
67914374,720.0,14529.0,2017-07-30 19:52:00,620.0,"Surrey Lane, Battersea",2017-07-30 19:40:00,723,"Stephendale Road, Sands End",-0.190346,51.4682,-0.1671609999999999,51.4752,2017
70571436,2100.0,3104.0,2017-10-19 00:37:00,471.0,"Hewison Street, Old Ford",2017-10-19 00:02:00,464,"St. Mary & St. Michael Church, Stepney",-0.052099,51.5142,-0.028155,51.5333,2017
66373228,600.0,9088.0,2017-06-20 21:13:00,281.0,"Smith Square, Westminster",2017-06-20 21:03:00,564,"Somerset House, Strand",-0.117619,51.5099,-0.127575,51.4958,2017
75224516,2520.0,13193.0,2018-05-05 04:01:00,619.0,"Irene Road, Parsons Green",2018-05-05 03:19:00,691,"Erin Close, Walham Green",-0.195777,51.4795,-0.19701,51.4738,2018
68792244,395.0,12309.0,2017-08-25 20:44:00,46.0,"Nesham Street, Wapping",2017-08-25 20:37:00,217,"Wormwood Street, Liverpool Street",-0.0824223999999999,51.5162,-0.06691,51.5071,2017
84624080,1260.0,16323.0,2019-02-27 08:42:00,182.0,"Bell Street , Marylebone",2019-02-27 08:21:00,128,"Emperor's Gate, South Kensington",-0.185297,51.4954,-0.165843,51.522,2019
77097252,420.0,1334.0,2018-06-22 18:36:00,95.0,"Aldersgate Street, Barbican",2018-06-22 18:29:00,73,"Old Street Station, St. Luke's",-0.0884862,51.5257,-0.0973401999999999,51.5208,2018
75274158,240.0,76.0,2018-05-06 12:32:00,510.0,"Westferry DLR, Limehouse",2018-05-06 12:28:00,469,"Lindfield Street, Poplar",-0.020467,51.5138,-0.025996,51.5093,2018
69897464,600.0,2927.0,2017-09-28 19:09:00,175.0,"Appold Street, Liverpool Street",2017-09-28 18:59:00,534,"Goldsmith's Row, Haggerston",-0.066035,51.5319,-0.0811189,51.5217,2017
93969289,360.0,16813.0,2019-12-30 11:03:00,22.0,"Northington Street , Holborn",2019-12-30 10:57:00,14,"Belgrove Street , King's Cross",-0.123617,51.5299,-0.114079,51.5223,2019
67197812,420.0,14142.0,2017-07-10 19:36:00,574.0,"Eagle Wharf Road, Hoxton",2017-07-10 19:29:00,55,"Finsbury Circus, Liverpool Street",-0.0866855,51.5171,-0.09315,51.5336,2017
89176190,660.0,3345.0,2019-07-17 20:02:00,210.0,"Hinde Street, Marylebone",2019-07-17 19:51:00,397,"Devonshire Terrace, Bayswater",-0.17977,51.5135,-0.151926,51.5168,2019
95418324,720.0,14402.0,2020-03-02 17:44:00,663.0,"Clarendon Road, Avondale",2020-03-02 17:32:00,584,"Ilchester Gardens, Bayswater",-0.19096,51.5124,-0.211594,51.5132,2020
78452257,6000.0,13000.0,2018-07-24 17:54:00,138.0,"Green Street, Mayfair",2018-07-24 16:14:00,292,"Montpelier Street, Knightsbridge",-0.165472,51.4989,-0.157437,51.5123,2018
91123460,3960.0,10033.0,2019-09-11 18:59:00,787.0,"Timber Lodge, Queen Elizabeth Olympic Park",2019-09-11 17:53:00,283,"Kingsway, Covent Garden",-0.118479,51.5144,-0.0146912999999999,51.5468,2019
67637885,3720.0,13264.0,2017-07-22 12:00:00,247.0,"St. John's Wood Church, The Regent's Park",2017-07-22 10:58:00,186,"South Wharf Road, Paddington",-0.175811,51.5173,-0.168314,51.5301,2017
79659441,780.0,975.0,2018-08-25 20:38:00,124.0,"Eaton Square, Belgravia",2018-08-25 20:25:00,288,"Elizabeth Bridge, Victoria",-0.147479,51.4924,-0.1509049999999999,51.4965,2018
84559868,1260.0,3164.0,2019-02-25 10:00:00,810.0,"Tate Modern, Bankside",2019-02-25 09:39:00,511,"Sutton Street, Shadwell",-0.053558,51.5111,-0.098884952,51.50672097,2019
89383881,2220.0,5630.0,2019-07-23 18:41:00,49.0,"Curzon Street, Mayfair",2019-07-23 18:04:00,168,"Argyll Road, Kensington",-0.195456,51.5004,-0.145904,51.5071,2019
69841676,240.0,11419.0,2017-09-27 09:21:00,295.0,"Swan Street, The Borough",2017-09-27 09:17:00,156,"New Kent Road, The Borough",-0.0929212,51.4944,-0.0927626999999999,51.5003,2017
89007836,420.0,1321.0,2019-07-13 16:23:00,707.0,"Barons Court Station, West Kensington",2019-07-13 16:16:00,644,"Rainville Road, Hammersmith",-0.223852,51.4837,-0.215087,51.4902,2019
96936003,1440.0,8499.0,2020-05-15 11:37:00,633.0,"Vereker Road, West Kensington",2020-05-15 11:13:00,601,"BBC White City, White City",-0.225787,51.5148,-0.209379,51.4896,2020
81605544,900.0,15551.0,2018-10-22 16:23:00,401.0,"Columbia Road, Shoreditch",2018-10-22 16:08:00,803,"Southwark Street, Bankside",-0.098341088,51.50540994,-0.075375,51.5282,2018
63298133,600.0,543.0,2017-03-22 17:48:00,214.0,"Endsleigh Gardens, Euston",2017-03-22 17:38:00,335,"Tavistock Street, Covent Garden",-0.120719,51.512,-0.130504,51.5268,2017
62104764,360.0,3718.0,2017-02-02 10:18:00,74.0,"Vauxhall Cross, Vauxhall",2017-02-02 10:12:00,772,"Binfield Road, Stockwell",-0.122832,51.4725,-0.12447,51.4859,2017
75285534,1560.0,15042.0,2018-05-06 15:57:00,288.0,"Elizabeth Bridge, Victoria",2018-05-06 15:31:00,111,"Park Lane , Hyde Park",-0.157276,51.51,-0.147479,51.4924,2018
76751089,480.0,13186.0,2018-06-13 20:20:00,219.0,"Bramham Gardens, Earl's Court",2018-06-13 20:12:00,133,"Derry Street, Kensington",-0.191462,51.5014,-0.190394,51.4902,2018
87936930,360.0,10146.0,2019-06-16 13:59:00,797.0,"Ossulston Street, Somers Town",2019-06-16 13:53:00,25,"Doric Way , Somers Town",-0.13225,51.5288,-0.128281945,51.52930361,2019
65701660,840.0,3004.0,2017-06-03 16:08:00,577.0,"Globe Town Market, Bethnal Green",2017-06-03 15:54:00,122,"Norton Folgate, Liverpool Street",-0.0788698,51.5211,-0.047548,51.5289,2017
98997618,960.0,10300.0,2020-07-03 11:57:00,444.0,"Bethnal Green Garden, Bethnal Green",2020-07-03 11:41:00,749,"Haggerston Road, Haggerston",-0.0742847,51.5393,-0.055312,51.5257,2020
68014658,1470.0,9921.0,2017-08-02 12:11:00,381.0,"Charlotte Street, Fitzrovia",2017-08-02 11:46:00,42,"Wenlock Road , Hoxton",-0.0939038,51.531000000000006,-0.135777,51.5195,2017
68744428,687.0,7320.0,2017-08-24 16:59:00,505.0,"Ackroyd Drive, Bow",2017-08-24 16:48:00,444,"Bethnal Green Garden, Bethnal Green",-0.055312,51.5257,-0.026768,51.5204,2017
61652556,480.0,8551.0,2017-01-13 07:40:00,159.0,"Great Marlborough Street, Soho",2017-01-13 07:32:00,20,"Drummond Street , Euston",-0.135273,51.5277,-0.137841,51.5146,2017
65143506,3300.0,5747.0,2017-05-20 12:30:00,257.0,"Westminster University, Marylebone",2017-05-20 11:35:00,343,"London Zoo Car Park, The Regent's Park",-0.1501809999999999,51.5369,-0.154907,51.5225,2017
67370853,7800.0,12701.0,2017-07-15 16:29:00,28.0,"Bolsover Street, Fitzrovia",2017-07-15 14:19:00,237,"Dock Street, Wapping",-0.0671763999999999,51.5084,-0.143614,51.5235,2017
79359661,240.0,12845.0,2018-08-17 10:48:00,173.0,"Waterloo Road, South Bank",2018-08-17 10:44:00,230,"Poured Lines, Bankside",-0.1031369999999999,51.5067,-0.113001,51.5049,2018
83510730,1140.0,4249.0,2019-01-12 16:22:00,163.0,"Sloane Avenue, Knightsbridge",2019-01-12 16:03:00,376,"Millbank Tower, Pimlico",-0.125675,51.4919,-0.167895,51.4932,2019
68905197,845.0,730.0,2017-08-29 08:37:00,55.0,"Finsbury Circus, Liverpool Street",2017-08-29 08:23:00,446,"York Hall, Bethnal Green",-0.055894,51.5289,-0.0866855,51.5171,2017
66924405,960.0,7930.0,2017-07-04 19:03:00,735.0,"Grant Road East, Clapham Junction",2017-07-04 18:47:00,739,"Hortensia Road, West Brompton",-0.185274,51.4818,-0.173029,51.4649,2017
73308570,420.0,13103.0,2018-02-15 10:25:00,426.0,"Vincent Street, Pimlico",2018-02-15 10:18:00,294,"St. George's Square, Pimlico",-0.1356359999999999,51.4882,-0.129925,51.4931,2018
70284547,660.0,4475.0,2017-10-10 17:13:00,31.0,"Fanshaw Street, Hoxton",2017-10-10 17:02:00,237,"Dock Street, Wapping",-0.0671763999999999,51.5084,-0.0833533,51.5295,2017
62515343,1080.0,8852.0,2017-02-20 11:58:00,393.0,"Snow Hill, Farringdon",2017-02-20 11:40:00,207,"Grosvenor Crescent, Belgravia",-0.153195,51.5014,-0.103604,51.5173,2017
72501576,840.0,600.0,2018-01-09 23:39:00,2.0,"Phillimore Gardens, Kensington",2018-01-09 23:25:00,529,"Manresa Road, Chelsea",-0.170983,51.4869,-0.197574,51.4996,2018
100519297,1620.0,7770.0,2020-08-09 16:07:00,66.0,"Holborn Circus, Holborn",2020-08-09 15:40:00,553,"Regent's Row , Haggerston ",-0.062546,51.5357,-0.1086569999999999,51.518,2020
99569539,1560.0,17932.0,2020-07-17 20:53:00,667.0,"Shepherd's Bush Road North, Shepherd's Bush",2020-07-17 20:27:00,302,"Putney Pier, Wandsworth",-0.216573,51.4669,-0.222293,51.5016,2020
100837548,780.0,17805.0,2020-08-18 02:54:00,144.0,"Kennington Cross, Kennington",2020-08-18 02:41:00,818,"Westminster Pier, Westminster",-0.12382352,51.501513,-0.111436,51.4889,2020
92092258,300.0,7268.0,2019-10-11 19:26:00,14.0,"Belgrove Street , King's Cross",2019-10-11 19:21:00,204,"Margery Street, Clerkenwell",-0.1124329999999999,51.5266,-0.123617,51.5299,2019
79043776,1560.0,4523.0,2018-08-07 23:36:00,620.0,"Surrey Lane, Battersea",2018-08-07 23:10:00,302,"Putney Pier, Wandsworth",-0.216573,51.4669,-0.1671609999999999,51.4752,2018
65253983,300.0,14772.0,2017-05-23 09:23:00,319.0,"Baldwin Street, St. Luke's",2017-05-23 09:18:00,51,"Finsbury Library , Finsbury",-0.104298,51.5267,-0.0885428,51.527,2017
80753673,780.0,15318.0,2018-09-27 14:37:00,152.0,"Hampton Street, Walworth",2018-09-27 14:24:00,108,"Abbey Orchard Street, Westminster",-0.132102,51.4981,-0.101537,51.4922,2018
84141557,1260.0,5805.0,2019-02-09 23:59:00,733.0,"Park Lane, Mayfair",2019-02-09 23:38:00,188,"Nutford Place, Marylebone",-0.164394,51.5165,-0.150817,51.5054,2019
94969415,420.0,2255.0,2020-02-11 08:57:00,68.0,"Theobald's Road , Holborn",2020-02-11 08:50:00,798,"Birkenhead Street, King's Cross",-0.122299,51.5302,-0.116688,51.5206,2020
80449420,420.0,12111.0,2018-09-18 07:42:00,139.0,"Lambeth Road, Vauxhall",2018-09-18 07:35:00,435,"Kennington Station, Kennington",-0.105593,51.4889,-0.117975,51.4949,2018
86385047,480.0,11769.0,2019-04-30 09:19:00,202.0,"Leman Street, Aldgate",2019-04-30 09:11:00,39,"Shoreditch High Street, Shoreditch",-0.0781309,51.5264,-0.0695419999999999,51.5124,2019
70701671,960.0,11321.0,2017-10-23 17:55:00,395.0,"Cadogan Gardens, Chelsea",2017-10-23 17:39:00,800,"Sopwith Way, Battersea Park",-0.149035,51.4811,-0.159919,51.4925,2017
75047639,1500.0,8206.0,2018-04-28 16:30:00,378.0,"Natural History Museum, South Kensington",2018-04-28 16:05:00,180,"North Audley Street, Mayfair",-0.153645,51.5129,-0.179078,51.4956,2018
61834499,2160.0,10792.0,2017-01-21 13:45:00,276.0,"Lower Thames Street, Monument",2017-01-21 13:09:00,9,"New Globe Walk, Bankside",-0.0964408,51.5074,-0.0849853999999999,51.5093,2017
98951962,1080.0,10868.0,2020-07-01 18:54:00,247.0,"St. John's Wood Church, The Regent's Park",2020-07-01 18:36:00,247,"St. John's Wood Church, The Regent's Park",-0.168314,51.5301,-0.168314,51.5301,2020
94859656,300.0,2447.0,2020-02-06 09:11:00,604.0,"St Martins Close, Camden Town",2020-02-06 09:06:00,34,"Pancras Road, King's Cross",-0.129387,51.5341,-0.138535,51.5388,2020
78596127,2400.0,8746.0,2018-07-27 21:13:00,111.0,"Park Lane , Hyde Park",2018-07-27 20:33:00,111,"Park Lane , Hyde Park",-0.157276,51.51,-0.157276,51.51,2018
81624741,540.0,10159.0,2018-10-23 08:09:00,217.0,"Wormwood Street, Liverpool Street",2018-10-23 08:00:00,203,"West Smithfield Rotunda, Farringdon",-0.1007909999999999,51.5182,-0.0824223999999999,51.5162,2018
67833851,600.0,12425.0,2017-07-28 09:13:00,392.0,"Imperial College, Knightsbridge",2017-07-28 09:03:00,265,"Southwick Street, Paddington",-0.169249,51.516000000000005,-0.179702,51.4994,2017
71867373,120.0,8763.0,2017-12-04 22:37:00,374.0,"Waterloo Station 1, Waterloo",2017-12-04 22:35:00,374,"Waterloo Station 1, Waterloo",-0.113864,51.504,-0.113864,51.504,2017
66290230,1620.0,4328.0,2017-06-19 08:17:00,211.0,"Cadogan Place, Knightsbridge",2017-06-19 07:50:00,619,"Irene Road, Parsons Green",-0.19701,51.4738,-0.158106,51.4946,2017
88122127,540.0,5689.0,2019-06-21 16:28:00,703.0,"St. Bride Street, Holborn",2019-06-21 16:19:00,104,"Crosswall, Tower",-0.0771213,51.5116,-0.105344,51.5151,2019
66124012,1080.0,14893.0,2017-06-15 09:30:00,356.0,"South Kensington Station, South Kensington",2017-06-15 09:12:00,201,"Dorset Square, Marylebone",-0.161113,51.5226,-0.173881,51.4944,2017
65877372,540.0,1596.0,2017-06-09 07:55:00,3.0,"Christopher Street, Liverpool Street",2017-06-09 07:46:00,574,"Eagle Wharf Road, Hoxton",-0.09315,51.5336,-0.0846057,51.5213,2017
76989697,1620.0,11394.0,2018-06-20 09:51:00,167.0,"Eccleston Place, Victoria",2018-06-20 09:24:00,206,"New Road 1 , Whitechapel",-0.06275,51.5181,-0.147624,51.494,2018
98923613,480.0,2570.0,2020-06-30 20:16:00,747.0,"Ormonde Gate, Chelsea",2020-06-30 20:08:00,213,"Wellington Arch, Hyde Park",-0.149569,51.5027,-0.161765,51.488,2020
77674945,1560.0,11288.0,2018-07-06 06:37:00,448.0,"Fisherman's Walk West, Canary Wharf",2018-07-06 06:11:00,692,"Cadogan Close, Victoria Park",-0.0289416,51.5421,-0.0229599999999999,51.5062,2018
80536413,120.0,13599.0,2018-09-20 10:23:00,173.0,"Waterloo Road, South Bank",2018-09-20 10:21:00,195,"Milroy Walk, South Bank",-0.106238,51.5072,-0.113001,51.5049,2018
100661540,1080.0,3347.0,2020-08-12 19:41:00,715.0,"Aylward Street, Stepney",2020-08-12 19:23:00,715,"Aylward Street, Stepney",-0.0490672,51.5156,-0.0490672,51.5156,2020
85057309,180.0,6007.0,2019-03-17 08:33:00,50.0,"East Road, Hoxton",2019-03-17 08:30:00,465,"Pitfield Street North,Hoxton",-0.08249,51.5356,-0.0874593999999999,51.5287,2019
94626293,480.0,16355.0,2020-01-28 15:37:00,88.0,"Bayley Street , Bloomsbury",2020-01-28 15:29:00,89,"Tavistock Place, Bloomsbury",-0.12351,51.5263,-0.132053,51.5186,2020
100051374,780.0,10788.0,2020-07-30 07:57:00,8.0,"Maida Vale, Maida Vale",2020-07-30 07:44:00,114,"Park Road (Baker Street), The Regent's Park",-0.158964,51.5245,-0.1834859999999999,51.529857,2020
99269213,900.0,5360.0,2020-07-10 19:37:00,252.0,"Jubilee Gardens, South Bank",2020-07-10 19:22:00,160,"Waterloo Place, St. James's",-0.131774,51.5066,-0.116542,51.5046,2020
68777523,1071.0,7475.0,2017-08-25 15:46:00,211.0,"Cadogan Place, Knightsbridge",2017-08-25 15:28:00,211,"Cadogan Place, Knightsbridge",-0.158106,51.4946,-0.158106,51.4946,2017
92643703,1200.0,16582.0,2019-11-01 11:26:00,5.0,"Sedding Street, Sloane Square",2019-11-01 11:06:00,292,"Montpelier Street, Knightsbridge",-0.165472,51.4989,-0.156876,51.4931,2019
96268940,420.0,3595.0,2020-04-18 10:12:00,161.0,"Guildhouse Street, Victoria",2020-04-18 10:05:00,558,"Page Street, Westminster",-0.127554,51.494,-0.141334,51.4923,2020
62736201,1380.0,6446.0,2017-03-01 14:06:00,270.0,"Kennington Lane Rail Bridge, Vauxhall",2017-03-01 13:43:00,364,"Alfred Place, Bloomsbury",-0.132339,51.5197,-0.122492,51.4863,2017
70887737,1380.0,10860.0,2017-10-29 14:18:00,562.0,"Bury Place, Holborn",2017-10-29 13:55:00,251,"Brushfield Street, Liverpool Street",-0.079249,51.5189,-0.12335,51.5175,2017
68835333,937.0,8633.0,2017-08-27 12:01:00,272.0,"Baylis Road, Waterloo",2017-08-27 11:45:00,159,"Great Marlborough Street, Soho",-0.137841,51.5146,-0.110699,51.5014,2017
83198711,720.0,15624.0,2018-12-28 09:02:00,155.0,"Lexham Gardens, Kensington",2018-12-28 08:50:00,596,"Parson's Green , Parson's Green",-0.199783,51.4728,-0.191934,51.4959,2018
82133400,780.0,15314.0,2018-11-09 11:37:00,65.0,"Gower Place , Euston",2018-11-09 11:24:00,283,"Kingsway, Covent Garden",-0.118479,51.5144,-0.135189,51.5252,2018
99560951,1380.0,9299.0,2020-07-17 18:52:00,832.0,"Ferndale Road, Brixton",2020-07-17 18:29:00,94,"Bricklayers Arms, Borough",-0.0858145,51.4951,-0.115795,51.464016,2020
76637192,1080.0,4767.0,2018-06-11 08:32:00,382.0,"Farm Street, Mayfair",2018-06-11 08:14:00,98,"Hampstead Road, Euston",-0.138231,51.5255,-0.14745,51.5094,2018
87567029,600.0,13512.0,2019-06-04 07:09:00,274.0,"Warwick Road, Olympia",2019-06-04 06:59:00,274,"Warwick Road, Olympia",-0.205284,51.4967,-0.205284,51.4967,2019
63857048,900.0,5012.0,2017-04-08 18:01:00,597.0,"Fulham Park Road, Fulham",2017-04-08 17:46:00,231,"Queen's Gate (Central), South Kensington",-0.178732,51.494,-0.2078199999999999,51.4735,2017
100763628,1500.0,5430.0,2020-08-15 18:21:00,63.0,"Murray Grove , Hoxton",2020-08-15 17:56:00,457,"Castlehaven Road, Camden Town",-0.145393,51.5421,-0.0897826,51.5309,2020
80372451,900.0,142.0,2018-09-15 23:36:00,770.0,"Gwendwr Road, West Kensington",2018-09-15 23:21:00,566,"Westfield Ariel Way, White City",-0.224103,51.5092,-0.209121,51.49100000000001,2018
100620604,1560.0,10800.0,2020-08-11 20:37:00,94.0,"Bricklayers Arms, Borough",2020-08-11 20:11:00,498,"Bow Road Station, Bow",-0.025296,51.5271,-0.0858145,51.4951,2020
68205398,1255.0,12546.0,2017-08-08 09:15:00,58.0,"New Inn Yard, Shoreditch",2017-08-08 08:54:00,787,"Timber Lodge, Queen Elizabeth Olympic Park",-0.0146912999999999,51.5468,-0.0792481,51.5245,2017
97769008,480.0,1398.0,2020-06-02 08:13:00,460.0,"Burdett Road, Mile End",2020-06-02 08:05:00,516,"Chrisp Street Market, Poplar",-0.014438,51.5112,-0.029138,51.5162,2020
81281915,480.0,9788.0,2018-10-12 16:54:00,114.0,"Park Road (Baker Street), The Regent's Park",2018-10-12 16:46:00,343,"London Zoo Car Park, The Regent's Park",-0.1501809999999999,51.5369,-0.158964,51.5245,2018
72067738,720.0,11969.0,2017-12-14 10:30:00,109.0,"Soho Square , Soho",2017-12-14 10:18:00,22,"Northington Street , Holborn",-0.114079,51.5223,-0.132329,51.5156,2017
97549110,420.0,399.0,2020-05-29 12:23:00,374.0,"Waterloo Station 1, Waterloo",2020-05-29 12:16:00,594,"Kingsway Southbound, Strand",-0.117774,51.5139,-0.113864,51.504,2020
67824098,360.0,13388.0,2017-07-27 21:15:00,645.0,"Great Suffolk Street, The Borough",2017-07-27 21:09:00,223,"Rodney Road , Walworth",-0.0902208999999999,51.4915,-0.1002919999999999,51.5017,2017
82009337,660.0,10289.0,2018-11-05 15:33:00,277.0,"Kensington Church Street, Kensington",2018-11-05 15:22:00,224,"Whiteley's, Bayswater",-0.1874024,51.51031,-0.191496,51.5032,2018
88436261,1320.0,12841.0,2019-06-29 16:55:00,747.0,"Ormonde Gate, Chelsea",2019-06-29 16:33:00,307,"Black Lion Gate, Kensington Gardens",-0.187843,51.5099,-0.161765,51.488,2019
80777462,600.0,8608.0,2018-09-28 07:33:00,71.0,"Newgate Street , St. Paul's",2018-09-28 07:23:00,173,"Waterloo Road, South Bank",-0.113001,51.5049,-0.0988508999999999,51.5154,2018
68422193,1301.0,1164.0,2017-08-14 20:19:00,107.0,"Finsbury Leisure Centre, St. Luke's",2017-08-14 19:58:00,325,"St. Martin's Street, West End",-0.129698,51.5091,-0.0963176,51.526,2017
61774116,540.0,3752.0,2017-01-19 07:26:00,773.0,"Tallis Street, Temple",2017-01-19 07:17:00,154,"Waterloo Station 3, Waterloo",-0.113864,51.504,-0.107349,51.5119,2017
92647099,1440.0,12813.0,2019-11-01 14:28:00,177.0,"Ashley Place, Victoria",2019-11-01 14:04:00,89,"Tavistock Place, Bloomsbury",-0.12351,51.5263,-0.140948,51.4962,2019
100467980,780.0,3907.0,2020-08-08 14:56:00,159.0,"Great Marlborough Street, Soho",2020-08-08 14:43:00,88,"Bayley Street , Bloomsbury",-0.132053,51.5186,-0.137841,51.5146,2020
62472857,780.0,2397.0,2017-02-18 15:28:00,251.0,"Brushfield Street, Liverpool Street",2017-02-18 15:15:00,104,"Crosswall, Tower",-0.0771213,51.5116,-0.079249,51.5189,2017
90372332,1320.0,13584.0,2019-08-21 09:37:00,303.0,"Albert Gate, Hyde Park",2019-08-21 09:15:00,404,"Palace Gate, Kensington Gardens",-0.1844,51.502,-0.1584559999999999,51.503,2019
99621689,1080.0,4653.0,2020-07-18 19:05:00,349.0,"St. George Street, Mayfair",2020-07-18 18:47:00,303,"Albert Gate, Hyde Park",-0.1584559999999999,51.503,-0.142783,51.512,2020
61353609,1440.0,7667.0,2016-12-28 18:12:00,755.0,"The Vale, Chelsea",2016-12-28 17:48:00,48,"Godliman Street, St. Paul's",-0.0991414,51.5125,-0.174972,51.4851,2016
73330307,60.0,4861.0,2018-02-16 08:35:00,779.0,"Houndsditch, Aldgate",2018-02-16 08:34:00,217,"Wormwood Street, Liverpool Street",-0.0824223999999999,51.5162,-0.077179,51.5144,2018
81142731,180.0,1959.0,2018-10-09 07:49:00,722.0,"Finnis Street, Bethnal Green",2018-10-09 07:46:00,520,"Bancroft Road, Bethnal Green",-0.047218,51.526,-0.0586315,51.5246,2018
70579904,900.0,7275.0,2017-10-19 09:18:00,122.0,"Norton Folgate, Liverpool Street",2017-10-19 09:03:00,321,"Bermondsey Street, Bermondsey",-0.081608,51.4979,-0.0788698,51.5211,2017
92331332,720.0,8852.0,2019-10-21 14:14:00,99.0,"Old Quebec Street, Marylebone",2019-10-21 14:02:00,395,"Cadogan Gardens, Chelsea",-0.159919,51.4925,-0.158264,51.5146,2019
84816608,480.0,1885.0,2019-03-06 14:16:00,104.0,"Crosswall, Tower",2019-03-06 14:08:00,579,"Queen Street 2, Bank",-0.093051,51.5112,-0.0771213,51.5116,2019
63512851,2100.0,6306.0,2017-03-29 19:55:00,404.0,"Palace Gate, Kensington Gardens",2017-03-29 19:20:00,404,"Palace Gate, Kensington Gardens",-0.1844,51.502,-0.1844,51.502,2017
80526436,660.0,3183.0,2018-09-20 07:42:00,270.0,"Kennington Lane Rail Bridge, Vauxhall",2018-09-20 07:31:00,320,"Queen Mother Sports Centre, Victoria",-0.139956,51.4936,-0.122492,51.4863,2018
76777602,900.0,9754.0,2018-06-14 17:07:00,14.0,"Belgrove Street , King's Cross",2018-06-14 16:52:00,349,"St. George Street, Mayfair",-0.142783,51.512,-0.123617,51.5299,2018
93620018,780.0,15505.0,2019-12-10 17:09:00,4.0,"St. Chad's Street, King's Cross",2019-12-10 16:56:00,427,"Cheapside, Bank",-0.0929403,51.514,-0.120974,51.5301,2019
68424050,725.0,13392.0,2017-08-14 21:17:00,598.0,"Southerton Road, Hammersmith",2017-08-14 21:05:00,644,"Rainville Road, Hammersmith",-0.223852,51.4837,-0.228188,51.4945,2017
72945341,900.0,3448.0,2018-01-29 18:18:00,497.0,"Merchant Street, Bow",2018-01-29 18:03:00,779,"Houndsditch, Aldgate",-0.077179,51.5144,-0.028619,51.5265,2018
81880645,300.0,3335.0,2018-10-31 18:32:00,421.0,"Southwark Station 2, Southwark",2018-10-31 18:27:00,773,"Tallis Street, Temple",-0.107349,51.5119,-0.1053119999999999,51.504,2018
71923004,1320.0,7349.0,2017-12-06 19:04:00,189.0,"Claremont Square, Angel",2017-12-06 18:42:00,318,"Sackville Street, Mayfair",-0.138846,51.51,-0.109915,51.5317,2017
71088939,1080.0,11915.0,2017-11-04 20:38:00,749.0,"Haggerston Road, Haggerston",2017-11-04 20:20:00,588,"Hoxton Street, Hoxton",-0.0801,51.5296,-0.0742847,51.5393,2017
83468798,180.0,3462.0,2019-01-10 19:26:00,557.0,"King Edward Street, St Pauls",2019-01-10 19:23:00,66,"Holborn Circus, Holborn",-0.1086569999999999,51.518,-0.0985,51.516000000000005,2019
91383174,1260.0,7811.0,2019-09-18 17:52:00,347.0,"Lower Marsh, Waterloo",2019-09-18 17:31:00,58,"New Inn Yard, Shoreditch",-0.0792481,51.5245,-0.113936,51.5001,2019
93721108,660.0,4898.0,2019-12-15 12:50:00,762.0,"Storey's Gate, Westminster",2019-12-15 12:39:00,826,"Allington Street, Victoria",-0.142952,51.496858,-0.129699,51.5007,2019
72758240,1560.0,1856.0,2018-01-21 16:42:00,301.0,"Marylebone Lane, Marylebone",2018-01-21 16:16:00,42,"Wenlock Road , Hoxton",-0.0939038,51.531000000000006,-0.148105,51.5148,2018
79853363,6720.0,10009.0,2018-09-01 17:29:00,566.0,"Westfield Ariel Way, White City",2018-09-01 15:37:00,397,"Devonshire Terrace, Bayswater",-0.17977,51.5135,-0.224103,51.5092,2018
88601963,1980.0,15095.0,2019-07-03 18:16:00,329.0,"Prince Albert Road, The Regent's Park",2019-07-03 17:43:00,136,"Queen Victoria Street, St. Paul's",-0.0974416999999999,51.512,-0.160854,51.5359,2019
98111162,8400.0,17446.0,2020-06-13 10:47:00,540.0,"Albany Street, The Regent's Park",2020-06-13 08:27:00,576,"Alpha Grove, Millwall",-0.022793,51.4973,-0.144466,51.5283,2020
91404075,1380.0,1126.0,2019-09-19 08:59:00,34.0,"Pancras Road, King's Cross",2019-09-19 08:36:00,312,"Grove End Road, St. John's Wood",-0.176771,51.5309,-0.129387,51.5341,2019
77086447,540.0,7813.0,2018-06-22 15:57:00,265.0,"Southwick Street, Paddington",2018-06-22 15:48:00,176,"Gloucester Terrace, Bayswater",-0.188099,51.5179,-0.169249,51.516000000000005,2018
100922863,1320.0,17505.0,2020-08-20 17:24:00,14.0,"Belgrove Street , King's Cross",2020-08-20 17:02:00,800,"Sopwith Way, Battersea Park",-0.149035,51.4811,-0.123617,51.5299,2020
81930598,2460.0,11291.0,2018-11-02 16:23:00,303.0,"Albert Gate, Hyde Park",2018-11-02 15:42:00,307,"Black Lion Gate, Kensington Gardens",-0.187843,51.5099,-0.1584559999999999,51.503,2018
68080704,1336.0,9969.0,2017-08-04 14:00:00,138.0,"Green Street, Mayfair",2017-08-04 13:38:00,258,"Kensington Gore, Knightsbridge",-0.1786569999999999,51.5014,-0.157437,51.5123,2017
64106892,3600.0,11141.0,2017-04-16 13:43:00,307.0,"Black Lion Gate, Kensington Gardens",2017-04-16 12:43:00,350,"Queen's Gate, Kensington Gardens",-0.1798539999999999,51.5017,-0.187843,51.5099,2017
73944575,300.0,5408.0,2018-03-17 22:36:00,227.0,"Great Percy Street, Clerkenwell",2018-03-17 22:31:00,14,"Belgrove Street , King's Cross",-0.123617,51.5299,-0.115481,51.5289,2018
100229343,1500.0,17768.0,2020-08-02 20:21:00,570.0,"Upper Bank Street, Canary Wharf",2020-08-02 19:56:00,570,"Upper Bank Street, Canary Wharf",-0.017676,51.5031,-0.017676,51.5031,2020
87720413,1140.0,2756.0,2019-06-08 17:33:00,75.0,"Torrens Street, Angel",2019-06-08 17:14:00,217,"Wormwood Street, Liverpool Street",-0.0824223999999999,51.5162,-0.1054809999999999,51.5322,2019
85811278,2400.0,6381.0,2019-04-12 17:14:00,798.0,"Birkenhead Street, King's Cross",2019-04-12 16:34:00,298,"Curlew Street, Shad Thames",-0.0741892,51.5023,-0.122299,51.5302,2019
80290954,780.0,15588.0,2018-09-13 18:06:00,104.0,"Crosswall, Tower",2018-09-13 17:53:00,436,"Red Lion Street, Holborn",-0.11655,51.5182,-0.0771213,51.5116,2018
97981445,1080.0,14943.0,2020-06-08 14:59:00,348.0,"Grosvenor Square, Mayfair",2020-06-08 14:41:00,109,"Soho Square , Soho",-0.132329,51.5156,-0.150481,51.5122,2020
76824646,600.0,4525.0,2018-06-15 18:14:00,697.0,"Charlotte Terrace, Angel",2018-06-15 18:04:00,16,"Cartwright Gardens , Bloomsbury",-0.125979,51.5264,-0.112721,51.5364,2018
78691646,300.0,6706.0,2018-07-30 18:27:00,480.0,"Flamborough Street, Limehouse",2018-07-30 18:22:00,513,"Watney Market, Stepney",-0.055656,51.5142,-0.0389865999999999,51.5129,2018
64469544,240.0,521.0,2017-04-28 10:40:00,15.0,"Great Russell Street, Bloomsbury",2017-04-28 10:36:00,162,"Southampton Place, Holborn",-0.1213279999999999,51.5176,-0.127854,51.5177,2017
68049057,753.0,5808.0,2017-08-03 16:39:00,491.0,"Queen Mary's, Mile End",2017-08-03 16:27:00,491,"Queen Mary's, Mile End",-0.041378,51.5225,-0.041378,51.5225,2017
74144456,5940.0,14896.0,2018-03-26 19:19:00,374.0,"Waterloo Station 1, Waterloo",2018-03-26 17:40:00,374,"Waterloo Station 1, Waterloo",-0.113864,51.504,-0.113864,51.504,2018
94263788,240.0,5409.0,2020-01-13 16:45:00,499.0,"Furze Green, Bow",2020-01-13 16:41:00,763,"Mile End Park Leisure Centre, Mile End",-0.0325665,51.5206,-0.021345,51.5193,2020
83401483,420.0,12110.0,2019-01-08 11:59:00,314.0,"Tyers Gate, Bermondsey",2019-01-08 11:52:00,240,"Colombo Street, Southwark",-0.105692,51.5055,-0.0831594,51.5009,2019
95868844,1080.0,7691.0,2020-03-23 19:21:00,387.0,"Fire Brigade Pier, Vauxhall",2020-03-23 19:03:00,215,"Moorfields, Moorgate",-0.0882853999999999,51.5191,-0.121394,51.4937,2020
62213307,180.0,3595.0,2017-02-07 08:59:00,8.0,"Lodge Road, St. John's Wood",2017-02-07 08:56:00,110,"Wellington Road, St. John's Wood",-0.172529,51.533,-0.1834859999999999,51.529857,2017
101216455,1320.0,11988.0,2020-08-28 19:07:00,113.0,"Gloucester Road (Central), South Kensington",2020-08-28 18:45:00,224,"Queensway, Kensington Gardens",-0.1874024,51.51031,-0.183289,51.4965,2020
96953431,1260.0,17488.0,2020-05-15 18:51:00,97.0,"Gloucester Road (North), Kensington",2020-05-15 18:30:00,607,"Putney Bridge Station, Fulham",-0.210279,51.4688,-0.183835,51.4979,2020
73255454,1140.0,4267.0,2018-02-12 19:39:00,90.0,"Harrington Square 1, Camden Town",2018-02-12 19:20:00,154,"Waterloo Station 3, Waterloo",-0.113864,51.504,-0.139175,51.533,2018
99861597,960.0,13940.0,2020-07-24 17:15:00,16.0,"Cartwright Gardens , Bloomsbury",2020-07-24 16:59:00,210,"Hinde Street, Marylebone",-0.151926,51.5168,-0.125979,51.5264,2020
91159740,360.0,14258.0,2019-09-12 17:29:00,71.0,"Newgate Street , St. Paul's",2019-09-12 17:23:00,55,"Finsbury Circus, Liverpool Street",-0.0866855,51.5171,-0.0988508999999999,51.5154,2019
69667106,720.0,6259.0,2017-09-22 09:15:00,386.0,"Moor Street, Soho",2017-09-22 09:03:00,427,"Cheapside, Bank",-0.0929403,51.514,-0.1301109999999999,51.5135,2017
69659408,540.0,7788.0,2017-09-22 05:11:00,130.0,"Tower Gardens , Tower",2017-09-22 05:02:00,269,"Empire Square, The Borough",-0.0897408,51.5008,-0.0754595,51.5095,2017
92883181,540.0,6655.0,2019-11-11 08:43:00,215.0,"Moorfields, Moorgate",2019-11-11 08:34:00,702,"Durant Street, Bethnal Green",-0.0655503,51.5287,-0.0882853999999999,51.5191,2019
76104678,1620.0,4716.0,2018-05-28 10:26:00,64.0,"William IV Street, Strand",2018-05-28 09:59:00,11,"Brunswick Square, Bloomsbury",-0.122502,51.524,-0.124749,51.5095,2018
97138205,2820.0,14213.0,2020-05-20 13:30:00,28.0,"Bolsover Street, Fitzrovia",2020-05-20 12:43:00,200,"LMU Commercial Road, Whitechapel",-0.066078,51.5149,-0.143614,51.5235,2020
70046155,780.0,2242.0,2017-10-03 17:23:00,290.0,"Winsland Street, Paddington",2017-10-03 17:10:00,28,"Bolsover Street, Fitzrovia",-0.143614,51.5235,-0.1711032,51.518268,2017
88746437,960.0,11976.0,2019-07-07 11:15:00,804.0,"Good's Way, King's Cross",2019-07-07 10:59:00,254,"Chadwell Street, Angel",-0.1064079999999999,51.5305,-0.125079,51.5347,2019
95856823,960.0,12548.0,2020-03-22 18:26:00,573.0,"Limerston Street, West Chelsea",2020-03-22 18:10:00,280,"Royal Avenue 2, Chelsea",-0.162727,51.4899,-0.18119,51.4856,2020
82142197,780.0,14850.0,2018-11-09 17:31:00,552.0,"Watney Street, Shadwell",2018-11-09 17:18:00,10,"Park Street, Bankside",-0.0927542,51.506,-0.0566669999999999,51.5115,2018
69619487,240.0,1180.0,2017-09-20 18:39:00,675.0,"Usk Road, Clapham Junction",2017-09-20 18:35:00,735,"Grant Road East, Clapham Junction",-0.173029,51.4649,-0.182126,51.4635,2017
75138410,600.0,11012.0,2018-05-02 17:28:00,336.0,"Concert Hall Approach 2, South Bank",2018-05-02 17:18:00,276,"Lower Thames Street, Monument",-0.0849853999999999,51.5093,-0.115851,51.505,2018
69715553,2580.0,791.0,2017-09-23 16:59:00,314.0,"Tyers Gate, Bermondsey",2017-09-23 16:16:00,94,"Bricklayers Arms, Borough",-0.0858145,51.4951,-0.0831594,51.5009,2017
72796571,780.0,11891.0,2018-01-23 10:02:00,12.0,"Malet Street, Bloomsbury",2018-01-23 09:49:00,361,"Waterloo Station 2, Waterloo",-0.113864,51.504,-0.130432,51.5217,2018
87649856,180.0,4899.0,2019-06-06 09:54:00,792.0,"Blackfriars Road, Southwark",2019-06-06 09:51:00,9,"New Globe Walk, Bankside",-0.0964408,51.5074,-0.104541,51.5055,2019
67887296,720.0,8155.0,2017-07-30 09:24:00,24.0,"British Museum, Bloomsbury",2017-07-30 09:12:00,242,"Beaumont Street, Marylebone",-0.151359,51.522,-0.124678,51.5191,2017
82939442,780.0,5251.0,2018-12-13 18:33:00,343.0,"London Zoo Car Park, The Regent's Park",2018-12-13 18:20:00,106,"Woodstock Street, Mayfair",-0.147302,51.5141,-0.1501809999999999,51.5369,2018
96321091,1380.0,16718.0,2020-04-19 17:29:00,547.0,"East India DLR, Blackwall",2020-04-19 17:06:00,522,"Clinton Road, Mile End",-0.036017,51.5259,-0.002275,51.5095,2020
85686417,600.0,15122.0,2019-04-08 13:36:00,428.0,"Exhibition Road, Knightsbridge",2019-04-08 13:26:00,153,"Bayswater Road, Hyde Park",-0.174293,51.5118,-0.174554,51.4999,2019
93941138,1080.0,16149.0,2019-12-28 00:08:00,184.0,"Portland Place, Marylebone",2019-12-27 23:50:00,164,"Cleveland Gardens, Bayswater",-0.183119,51.5156,-0.1452119999999999,51.5207,2019
72206666,660.0,4011.0,2017-12-21 13:46:00,377.0,"Waterloo Bridge, South Bank",2017-12-21 13:35:00,129,"Golden Square, Soho",-0.137044,51.5119,-0.113657,51.5054,2017
88506627,180.0,14288.0,2019-07-01 14:56:00,82.0,"Chancery Lane, Holborn",2019-07-01 14:53:00,372,"Sardinia Street, Holborn",-0.117863,51.5152,-0.111257,51.5143,2019
73466039,840.0,15579.0,2018-02-21 19:19:00,480.0,"Flamborough Street, Limehouse",2018-02-21 19:05:00,521,"Driffield Road, Old Ford",-0.037366,51.5341,-0.0389865999999999,51.5129,2018
64668264,1260.0,2160.0,2017-05-05 08:02:00,556.0,"Heron Quays DLR, Canary Wharf",2017-05-05 07:41:00,32,"Leonard Circus , Shoreditch",-0.0844393,51.5247,-0.021596,51.5027,2017
61480285,480.0,3577.0,2017-01-05 19:00:00,264.0,"Tysoe Street, Clerkenwell",2017-01-05 18:52:00,73,"Old Street Station, St. Luke's",-0.0884862,51.5257,-0.1092569999999999,51.5264,2017
77510737,1020.0,2253.0,2018-07-02 13:09:00,313.0,"Wells Street, Fitzrovia",2018-07-02 12:52:00,334,"Concert Hall Approach 1, South Bank",-0.115851,51.505,-0.138073,51.5173,2018
67786301,1020.0,3249.0,2017-07-26 19:55:00,403.0,"George Place Mews, Marylebone",2017-07-26 19:38:00,356,"South Kensington Station, South Kensington",-0.173881,51.4944,-0.15825,51.5169,2017
96754364,1320.0,7622.0,2020-05-08 14:09:00,664.0,"Austin Road, Battersea Park",2020-05-08 13:47:00,747,"Ormonde Gate, Chelsea",-0.161765,51.488,-0.155443,51.4744,2020
83424358,1140.0,3794.0,2019-01-09 08:57:00,421.0,"Southwark Station 2, Southwark",2019-01-09 08:38:00,614,"Bradmead, Battersea Park",-0.144691,51.4782,-0.1053119999999999,51.504,2019
67228211,480.0,13560.0,2017-07-11 18:12:00,779.0,"Houndsditch, Aldgate",2017-07-11 18:04:00,85,"Tanner Street, Bermondsey",-0.0786003999999999,51.5006,-0.077179,51.5144,2017
69997075,1740.0,9618.0,2017-10-02 10:06:00,278.0,"Tooley Street, Bermondsey",2017-10-02 09:37:00,777,"Limburg Road, Clapham Junction",-0.165298,51.4619,-0.079621,51.5035,2017
87590988,1080.0,3101.0,2019-06-04 19:00:00,580.0,"Doddington Grove, Kennington",2019-06-04 18:42:00,292,"Montpelier Street, Knightsbridge",-0.165472,51.4989,-0.102996,51.4869,2019
73799753,8700.0,2820.0,2018-03-12 01:56:00,175.0,"Appold Street, Liverpool Street",2018-03-11 23:31:00,175,"Appold Street, Liverpool Street",-0.0811189,51.5217,-0.0811189,51.5217,2018
96157839,6180.0,1514.0,2020-04-12 11:09:00,177.0,"Ashley Place, Victoria",2020-04-12 09:26:00,177,"Ashley Place, Victoria",-0.140948,51.4962,-0.140948,51.4962,2020
86536557,420.0,13743.0,2019-05-04 23:49:00,580.0,"Doddington Grove, Kennington",2019-05-04 23:42:00,156,"New Kent Road, The Borough",-0.0929212,51.4944,-0.102996,51.4869,2019
87510360,300.0,1503.0,2019-06-02 15:02:00,600.0,"South Lambeth Road, Vauxhall",2019-06-02 14:57:00,813,"New Spring Gardens Walk, Vauxhall",-0.122759626,51.48780745,-0.124642,51.4817,2019
62188516,1440.0,2068.0,2017-02-06 09:35:00,66.0,"Holborn Circus, Holborn",2017-02-06 09:11:00,152,"Hampton Street, Walworth",-0.101537,51.4922,-0.1086569999999999,51.518,2017
74152789,900.0,2942.0,2018-03-26 21:42:00,818.0,"One Tower Bridge, Bermondsey",2018-03-26 21:27:00,809,"Lincoln's Inn Fields, Holborn",-0.114998086,51.51582693,-0.12382352,51.501513,2018
74242572,1140.0,2357.0,2018-04-01 17:05:00,248.0,"Triangle Car Park, Hyde Park",2018-04-01 16:46:00,111,"Park Lane , Hyde Park",-0.157276,51.51,-0.17028,51.5065,2018
98313699,480.0,17381.0,2020-06-16 23:46:00,633.0,"Vereker Road, West Kensington",2020-06-16 23:38:00,219,"Bramham Gardens, Earl's Court",-0.190394,51.4902,-0.209379,51.4896,2020
72740761,1140.0,11206.0,2018-01-19 19:07:00,356.0,"South Kensington Station, South Kensington",2018-01-19 18:48:00,210,"Hinde Street, Marylebone",-0.151926,51.5168,-0.173881,51.4944,2018
88029334,660.0,13672.0,2019-06-19 08:12:00,211.0,"Cadogan Place, Knightsbridge",2019-06-19 08:01:00,670,"Ashley Crescent, Battersea",-0.152249,51.4672,-0.158106,51.4946,2019
86484957,840.0,3703.0,2019-05-02 20:59:00,515.0,"Russell Gardens, Olympia",2019-05-02 20:45:00,191,"Hyde Park Corner, Hyde Park",-0.153521,51.5031,-0.2113159999999999,51.5001,2019
95152427,840.0,13558.0,2020-02-19 11:59:00,597.0,"Fulham Park Road, Fulham",2020-02-19 11:45:00,764,"St. John's Road, Clapham Junction",-0.168292,51.4624,-0.2078199999999999,51.4735,2020
87093219,420.0,8489.0,2019-05-22 08:06:00,140.0,"Finsbury Square , Moorgate",2019-05-22 07:59:00,351,"Macclesfield Rd, St Lukes",-0.097122,51.5294,-0.0856342,51.521,2019
79596240,540.0,1152.0,2018-08-23 17:58:00,796.0,"Coram Street, Bloomsbury",2018-08-23 17:49:00,439,"Killick Street, King's Cross",-0.118677,51.5338,-0.12641,51.524,2018
79947071,780.0,6398.0,2018-09-04 07:44:00,229.0,"Whitehall Place, Strand",2018-09-04 07:31:00,217,"Wormwood Street, Liverpool Street",-0.0824223999999999,51.5162,-0.12318,51.5065,2018
69327079,480.0,9870.0,2017-09-11 17:55:00,361.0,"Waterloo Station 2, Waterloo",2017-09-11 17:47:00,112,"Stonecutter Street, Holborn",-0.10527,51.5158,-0.113864,51.504,2017
61994663,180.0,5358.0,2017-01-28 11:19:00,785.0,"Aquatic Centre, Queen Elizabeth Olympic Park",2017-01-28 11:16:00,788,"Copper Box Arena, Queen Elizabeth Olympic Park",-0.0195248,51.5448,-0.0105106,51.5409,2017
69661130,720.0,2744.0,2017-09-22 07:45:00,568.0,"Bishop's Bridge Road West, Bayswater",2017-09-22 07:33:00,559,"Abbotsbury Road, Holland Park",-0.2059909999999999,51.5014,-0.18697,51.5162,2017
88254344,720.0,16369.0,2019-06-25 08:39:00,215.0,"Moorfields, Moorgate",2019-06-25 08:27:00,22,"Northington Street , Holborn",-0.114079,51.5223,-0.0882853999999999,51.5191,2019
92628242,360.0,12864.0,2019-10-31 18:29:00,393.0,"Snow Hill, Farringdon",2019-10-31 18:23:00,215,"Moorfields, Moorgate",-0.0882853999999999,51.5191,-0.103604,51.5173,2019
97038744,4380.0,9148.0,2020-05-17 17:00:00,331.0,"Bunhill Row, Moorgate",2020-05-17 15:47:00,54,"Golden Lane, Barbican",-0.0944751,51.5217,-0.0898878999999999,51.5209,2020
84998625,360.0,13619.0,2019-03-14 12:02:00,49.0,"Curzon Street, Mayfair",2019-03-14 11:56:00,228,"St. James's Square, St. James's",-0.134621,51.5074,-0.145904,51.5071,2019
101219919,1500.0,8536.0,2020-08-28 20:49:00,290.0,"St Mary's Hospital, Paddington",2020-08-28 20:24:00,159,"Great Marlborough Street, Soho",-0.137841,51.5146,-0.1711032,51.518268,2020
62551151,900.0,3207.0,2017-02-21 15:52:00,154.0,"Waterloo Station 3, Waterloo",2017-02-21 15:37:00,78,"Sadlers Sports Centre, Finsbury",-0.0994895,51.5249,-0.113864,51.504,2017
99384443,1260.0,16719.0,2020-07-13 07:35:00,524.0,"Lancaster Gate , Bayswater",2020-07-13 07:14:00,148,"Tachbrook Street, Victoria",-0.138365,51.4921,-0.179668,51.5117,2020
72461903,1080.0,13921.0,2018-01-08 11:00:00,303.0,"Albert Gate, Hyde Park",2018-01-08 10:42:00,267,"Regency Street, Westminster",-0.132225,51.4921,-0.1584559999999999,51.503,2018
82984610,1020.0,3085.0,2018-12-16 14:01:00,702.0,"Durant Street, Bethnal Green",2018-12-16 13:44:00,135,"Clerkenwell Green, Clerkenwell",-0.104709,51.5233,-0.0655503,51.5287,2018
84572048,480.0,887.0,2019-02-25 17:30:00,340.0,"Bank of England Museum, Bank",2019-02-25 17:22:00,73,"Old Street Station, St. Luke's",-0.0884862,51.5257,-0.0875874,51.5144,2019
98006170,360.0,10043.0,2020-06-09 10:57:00,194.0,"Hop Exchange, The Borough",2020-06-09 10:51:00,792,"Blackfriars Road, Southwark",-0.104541,51.5055,-0.0917738,51.5046,2020
97041325,7260.0,12915.0,2020-05-17 18:14:00,404.0,"Palace Gate, Kensington Gardens",2020-05-17 16:13:00,36,"De Vere Gardens, Kensington",-0.184981,51.5017,-0.1844,51.502,2020
63724743,600.0,607.0,2017-04-05 09:05:00,546.0,"New Fetter Lane, Holborn",2017-04-05 08:55:00,365,"City Road, Angel",-0.100168,51.5303,-0.1079869999999999,51.5174,2017
69114445,480.0,15079.0,2017-09-04 17:57:00,411.0,"Walworth Road, Elephant & Castle",2017-09-04 17:49:00,321,"Bermondsey Street, Bermondsey",-0.081608,51.4979,-0.0996807,51.4934,2017
83529371,1680.0,8247.0,2019-01-13 17:33:00,815.0,"Lambeth Palace Road, Waterloo",2019-01-13 17:05:00,428,"Exhibition Road, Knightsbridge",-0.174554,51.4999,-0.115171479,51.50045247,2019
100339778,1140.0,6941.0,2020-08-05 17:29:00,74.0,"Vauxhall Cross, Vauxhall",2020-08-05 17:10:00,627,"Holden Street, Battersea",-0.1582309999999999,51.4688,-0.12447,51.4859,2020
99828995,1200.0,14878.0,2020-07-23 19:22:00,269.0,"Empire Square, The Borough",2020-07-23 19:02:00,702,"Durant Street, Bethnal Green",-0.0655503,51.5287,-0.0897408,51.5008,2020
101215235,1920.0,15265.0,2020-08-28 18:49:00,785.0,"Aquatic Centre, Queen Elizabeth Olympic Park",2020-08-28 18:17:00,785,"Aquatic Centre, Queen Elizabeth Olympic Park",-0.0105106,51.5409,-0.0105106,51.5409,2020
95011539,240.0,5188.0,2020-02-12 18:03:00,356.0,"South Kensington Station, South Kensington",2020-02-12 17:59:00,220,"Chelsea Green, Chelsea",-0.166485,51.4907,-0.173881,51.4944,2020
81272868,1680.0,95.0,2018-10-12 12:21:00,71.0,"Newgate Street , St. Paul's",2018-10-12 11:53:00,511,"Sutton Street, Shadwell",-0.053558,51.5111,-0.0988508999999999,51.5154,2018
86935384,660.0,682.0,2019-05-17 12:34:00,745.0,"Upcerne Road, West Chelsea",2019-05-17 12:23:00,405,"Gloucester Road Station, South Kensington",-0.182671,51.4942,-0.1824349999999999,51.4782,2019
66507399,900.0,3752.0,2017-06-24 00:04:00,613.0,"Woodstock Grove, Shepherd's Bush",2017-06-23 23:49:00,153,"Bayswater Road, Hyde Park",-0.174293,51.5118,-0.2174,51.504,2017
98955246,1260.0,6331.0,2020-07-01 20:00:00,191.0,"Hyde Park Corner, Hyde Park",2020-07-01 19:39:00,66,"Holborn Circus, Holborn",-0.1086569999999999,51.518,-0.153521,51.5031,2020
69893158,780.0,2031.0,2017-09-28 18:07:00,749.0,"Haggerston Road, Haggerston",2017-09-28 17:54:00,544,"Percival Street, Finsbury",-0.102208,51.5262,-0.0742847,51.5393,2017
77969970,360.0,7997.0,2018-07-12 22:33:00,264.0,"Tysoe Street, Clerkenwell",2018-07-12 22:27:00,544,"Percival Street, Finsbury",-0.102208,51.5262,-0.1092569999999999,51.5264,2018
86074365,3240.0,5465.0,2019-04-20 19:38:00,76.0,"Longford Street, The Regent's Park",2019-04-20 18:44:00,76,"Longford Street, The Regent's Park",-0.144084,51.5256,-0.144084,51.5256,2019
81451151,1140.0,7646.0,2018-10-18 08:42:00,104.0,"Crosswall, Tower",2018-10-18 08:23:00,253,"Shoreditch Park, Hoxton",-0.0863797,51.534,-0.0771213,51.5116,2018
97010776,14940.0,15522.0,2020-05-17 13:13:00,535.0,"Gloucester Avenue, Camden Town",2020-05-17 09:04:00,535,"Gloucester Avenue, Camden Town",-0.147154,51.5373,-0.147154,51.5373,2020
88776485,1380.0,13233.0,2019-07-08 08:04:00,136.0,"Queen Victoria Street, St. Paul's",2019-07-08 07:41:00,185,"Alderney Street, Pimlico",-0.140741,51.4881,-0.0974416999999999,51.512,2019
77902937,2220.0,6959.0,2018-07-11 14:53:00,541.0,"Green Park Station, Mayfair",2018-07-11 14:16:00,14,"Belgrove Street , King's Cross",-0.123617,51.5299,-0.142844,51.5066,2018
99815624,1980.0,10267.0,2020-07-23 16:17:00,64.0,"William IV Street, Strand",2020-07-23 15:44:00,405,"Gloucester Road Station, South Kensington",-0.182671,51.4942,-0.124749,51.5095,2020
97472496,840.0,16583.0,2020-05-27 14:54:00,300.0,"Serpentine Car Park, Hyde Park",2020-05-27 14:40:00,423,"Eaton Square (South), Belgravia",-0.153934,51.4946,-0.17273,51.505,2020
68642677,302.0,15023.0,2017-08-21 17:45:00,795.0,"Melton Street, Euston",2017-08-21 17:40:00,15,"Great Russell Street, Bloomsbury",-0.127854,51.5177,-0.134849,51.5276,2017
64352865,1020.0,12143.0,2017-04-24 14:05:00,301.0,"Marylebone Lane, Marylebone",2017-04-24 13:48:00,611,"Princedale Road , Holland Park",-0.2084869999999999,51.5065,-0.148105,51.5148,2017
100831975,1680.0,7123.0,2020-08-17 20:44:00,307.0,"Black Lion Gate, Kensington Gardens",2020-08-17 20:16:00,233,"Pall Mall East, West End",-0.1307,51.5078,-0.187843,51.5099,2020
95075056,300.0,14243.0,2020-02-15 10:49:00,206.0,"New Road 1 , Whitechapel",2020-02-15 10:44:00,206,"New Road 1 , Whitechapel",-0.06275,51.5181,-0.06275,51.5181,2020
88699525,2460.0,10205.0,2019-07-05 20:03:00,363.0,"Lord's, St. John's Wood",2019-07-05 19:22:00,60,"Lisson Grove, St. John's Wood",-0.172191,51.5264,-0.171185,51.5291,2019
69241509,540.0,14605.0,2017-09-08 14:11:00,424.0,"Ebury Bridge, Pimlico",2017-09-08 14:02:00,356,"South Kensington Station, South Kensington",-0.173881,51.4944,-0.1491859999999999,51.4905,2017
89195364,900.0,7598.0,2019-07-18 14:17:00,710.0,"Albert Bridge Road, Battersea Park",2019-07-18 14:02:00,294,"St. George's Square, Pimlico",-0.1356359999999999,51.4882,-0.163348,51.4744,2019
64840060,360.0,561.0,2017-05-10 12:10:00,593.0,"Northdown Street, King's Cross",2017-05-10 12:04:00,123,"St. John Street, Finsbury",-0.104725,51.5284,-0.11934,51.5311,2017
64909165,840.0,1272.0,2017-05-12 10:04:00,428.0,"Exhibition Road, Knightsbridge",2017-05-12 09:50:00,737,"Fulham Broadway, Walham Green",-0.194117,51.4799,-0.174554,51.4999,2017
92107963,300.0,11232.0,2019-10-13 11:21:00,194.0,"Hop Exchange, The Borough",2019-10-13 11:16:00,314,"Tyers Gate, Bermondsey",-0.0831594,51.5009,-0.0917738,51.5046,2019
87076992,900.0,10082.0,2019-05-21 18:18:00,230.0,"Poured Lines, Bankside",2019-05-21 18:03:00,331,"Bunhill Row, Moorgate",-0.0898878999999999,51.5209,-0.1031369999999999,51.5067,2019
72857479,1020.0,4398.0,2018-01-25 18:19:00,715.0,"Aylward Street, Stepney",2018-01-25 18:02:00,66,"Holborn Circus, Holborn",-0.1086569999999999,51.518,-0.0490672,51.5156,2018
68457473,861.0,3268.0,2017-08-15 18:53:00,535.0,"Gloucester Avenue, Camden Town",2017-08-15 18:39:00,89,"Tavistock Place, Bloomsbury",-0.12351,51.5263,-0.147154,51.5373,2017
99171462,6300.0,2546.0,2020-07-07 16:51:00,701.0,"Vicarage Crescent, Battersea",2020-07-07 15:06:00,701,"Vicarage Crescent, Battersea",-0.176267,51.4729,-0.176267,51.4729,2020
74415652,1020.0,6044.0,2018-04-09 18:04:00,154.0,"Waterloo Station 3, Waterloo",2018-04-09 17:47:00,425,"Harrington Square 2, Camden Town",-0.139159,51.5334,-0.113864,51.504,2018
80654092,660.0,11920.0,2018-09-24 20:49:00,541.0,"Green Park Station, Mayfair",2018-09-24 20:38:00,288,"Elizabeth Bridge, Victoria",-0.147479,51.4924,-0.142844,51.5066,2018
93015568,360.0,3436.0,2019-11-15 18:55:00,34.0,"Pancras Road, King's Cross",2019-11-15 18:49:00,462,"Bonny Street, Camden Town",-0.138853,51.5416,-0.129387,51.5341,2019
92279322,960.0,10090.0,2019-10-19 11:43:00,280.0,"Royal Avenue 2, Chelsea",2019-10-19 11:27:00,146,"Vauxhall Bridge , Pimlico",-0.1293619999999999,51.4884,-0.162727,51.4899,2019
61511464,480.0,6443.0,2017-01-07 15:16:00,33.0,"Central House, Aldgate",2017-01-07 15:08:00,444,"Bethnal Green Garden, Bethnal Green",-0.055312,51.5257,-0.0678275,51.5168,2017
93952827,780.0,16684.0,2019-12-28 23:34:00,156.0,"New Kent Road, The Borough",2019-12-28 23:21:00,272,"Baylis Road, Waterloo",-0.110699,51.5014,-0.0929212,51.4944,2019
77075720,600.0,10666.0,2018-06-22 10:21:00,24.0,"British Museum, Bloomsbury",2018-06-22 10:11:00,28,"Bolsover Street, Fitzrovia",-0.143614,51.5235,-0.124678,51.5191,2018
96677323,4440.0,1634.0,2020-05-05 18:46:00,830.0,"Sidney Road, Stockwell",2020-05-05 17:32:00,832,"Ferndale Road, Brixton",-0.115795,51.464016,-0.119023,51.469202,2020
68692456,465.0,3665.0,2017-08-23 08:24:00,557.0,"King Edward Street, St Pauls",2017-08-23 08:16:00,344,"Goswell Road (City Uni), Finsbury",-0.101026,51.5282,-0.0985,51.516000000000005,2017
91612074,480.0,14611.0,2019-09-25 17:29:00,64.0,"William IV Street, Strand",2019-09-25 17:21:00,112,"Stonecutter Street, Holborn",-0.10527,51.5158,-0.124749,51.5095,2019
98681395,1740.0,10952.0,2020-06-25 13:20:00,737.0,"Fulham Broadway, Walham Green",2020-06-25 12:51:00,640,"Silverthorne Road, Battersea",-0.148059,51.4729,-0.194117,51.4799,2020
71992365,780.0,12739.0,2017-12-09 18:49:00,165.0,"Orsett Terrace, Bayswater",2017-12-09 18:36:00,366,"Millennium Hotel, Mayfair",-0.151126,51.5109,-0.183717,51.5179,2017
98986361,540.0,576.0,2020-07-02 20:50:00,322.0,"Palissy Street, Shoreditch",2020-07-02 20:41:00,322,"Palissy Street, Shoreditch",-0.0739549999999999,51.5263,-0.0739549999999999,51.5263,2020
76992171,1320.0,5112.0,2018-06-20 11:16:00,428.0,"Exhibition Road, Knightsbridge",2018-06-20 10:54:00,720,"Star Road, West Kensington",-0.205279,51.4872,-0.174554,51.4999,2018
65895419,480.0,14930.0,2017-06-09 17:06:00,320.0,"Queen Mother Sports Centre, Victoria",2017-06-09 16:58:00,270,"Kennington Lane Rail Bridge, Vauxhall",-0.122492,51.4863,-0.139956,51.4936,2017
96977513,1080.0,2198.0,2020-05-16 14:15:00,625.0,"Queen's Circus, Battersea Park",2020-05-16 13:57:00,250,"Royal Avenue 1, Chelsea",-0.162727,51.4899,-0.149552,51.4776,2020
100938904,300.0,14308.0,2020-08-20 21:05:00,145.0,"Ilchester Place, Kensington",2020-08-20 21:00:00,622,"Lansdowne Road, Ladbroke Grove",-0.205536,51.5075,-0.202759,51.5007,2020
68160272,1713.0,9740.0,2017-08-06 20:44:00,247.0,"St. John's Wood Church, The Regent's Park",2017-08-06 20:15:00,247,"St. John's Wood Church, The Regent's Park",-0.168314,51.5301,-0.168314,51.5301,2017
88890752,1680.0,11927.0,2019-07-10 19:02:00,667.0,"Shepherd's Bush Road North, Shepherd's Bush",2019-07-10 18:34:00,345,"Flood Street, Chelsea",-0.166879,51.488,-0.222293,51.5016,2019
74077445,1140.0,1209.0,2018-03-23 18:28:00,154.0,"Waterloo Station 3, Waterloo",2018-03-23 18:09:00,39,"Shoreditch High Street, Shoreditch",-0.0781309,51.5264,-0.113864,51.504,2018
99768249,240.0,16082.0,2020-07-22 13:54:00,242.0,"Beaumont Street, Marylebone",2020-07-22 13:50:00,315,"The Tennis Courts, The Regent's Park",-0.153464,51.5254,-0.151359,51.522,2020
77879631,1260.0,9513.0,2018-07-10 21:21:00,194.0,"Hop Exchange, The Borough",2018-07-10 21:00:00,236,"Fashion Street, Whitechapel",-0.0734388999999999,51.5184,-0.0917738,51.5046,2018
100086013,1860.0,12277.0,2020-07-30 20:49:00,161.0,"Guildhouse Street, Victoria",2020-07-30 20:18:00,251,"Brushfield Street, Liverpool Street",-0.079249,51.5189,-0.141334,51.4923,2020
83671624,600.0,15082.0,2019-01-19 07:04:00,515.0,"Russell Gardens, Olympia",2019-01-19 06:54:00,711,"Everington Street, Fulham",-0.216306,51.4834,-0.2113159999999999,51.5001,2019
98577266,360.0,16447.0,2020-06-23 13:21:00,527.0,"Hansard Mews, Holland Park",2020-06-23 13:15:00,37,"Penywern Road, Earl's Court",-0.192369,51.4916,-0.215808,51.5038,2020
96687573,3180.0,535.0,2020-05-06 11:48:00,94.0,"Bricklayers Arms, Borough",2020-05-06 10:55:00,94,"Bricklayers Arms, Borough",-0.0858145,51.4951,-0.0858145,51.4951,2020
76870864,2400.0,14490.0,2018-06-17 10:48:00,133.0,"Derry Street, Kensington",2018-06-17 10:08:00,133,"Derry Street, Kensington",-0.191462,51.5014,-0.191462,51.5014,2018
96856749,900.0,9926.0,2020-05-10 18:16:00,448.0,"Fisherman's Walk West, Canary Wharf",2020-05-10 18:01:00,516,"Chrisp Street Market, Poplar",-0.014438,51.5112,-0.0229599999999999,51.5062,2020
93833943,660.0,3408.0,2019-12-20 17:41:00,234.0,"Liverpool Road (N1 Centre), Angel",2019-12-20 17:30:00,140,"Finsbury Square , Moorgate",-0.0856342,51.521,-0.106993,51.5345,2019
91091213,1080.0,16629.0,2019-09-10 19:05:00,352.0,"Vauxhall Street, Vauxhall",2019-09-10 18:47:00,273,"Belvedere Road 1, South Bank",-0.114686,51.5061,-0.116625,51.487,2019
71201995,360.0,7360.0,2017-11-08 20:53:00,411.0,"Walworth Road, Elephant & Castle",2017-11-08 20:47:00,792,"Blackfriars Road, Southwark",-0.104541,51.5055,-0.0996807,51.4934,2017
87088592,240.0,5060.0,2019-05-21 23:56:00,501.0,"Cephas Street, Bethnal Green",2019-05-21 23:52:00,491,"Queen Mary's, Mile End",-0.041378,51.5225,-0.054883,51.5226,2019
67513094,420.0,6223.0,2017-07-19 05:47:00,157.0,"Wright's Lane, Kensington",2017-07-19 05:40:00,634,"Brook Green South, Brook Green",-0.215805,51.4943,-0.193068,51.5004,2017
78146936,1140.0,13933.0,2018-07-17 11:48:00,213.0,"Wellington Arch, Hyde Park",2018-07-17 11:29:00,333,"Palace Gardens Terrace, Notting Hill",-0.193764,51.5086,-0.149569,51.5027,2018
91493288,1140.0,7716.0,2019-09-21 15:19:00,213.0,"Wellington Arch, Hyde Park",2019-09-21 15:00:00,83,"Panton Street, West End",-0.131511,51.5096,-0.149569,51.5027,2019
101208079,360.0,14553.0,2020-08-28 15:34:00,383.0,"Frith Street, Soho",2020-08-28 15:28:00,383,"Frith Street, Soho",-0.131214,51.5131,-0.131214,51.5131,2020
65684751,540.0,1524.0,2017-06-03 11:01:00,18.0,"Drury Lane, Covent Garden",2017-06-03 10:52:00,26,"Ampton Street , Clerkenwell",-0.118295,51.5273,-0.12222,51.5148,2017
79401152,1620.0,13821.0,2018-08-18 15:12:00,191.0,"Hyde Park Corner, Hyde Park",2018-08-18 14:45:00,303,"Albert Gate, Hyde Park",-0.1584559999999999,51.503,-0.153521,51.5031,2018
65345733,960.0,6633.0,2017-05-25 12:50:00,203.0,"West Smithfield Rotunda, Farringdon",2017-05-25 12:34:00,748,"Hertford Road, De Beauvoir Town",-0.0792018,51.5373,-0.1007909999999999,51.5182,2017
65952542,1020.0,4207.0,2017-06-11 10:12:00,132.0,"Bethnal Green Road, Shoreditch",2017-06-11 09:55:00,23,"Red Lion Square, Holborn",-0.119123,51.5194,-0.0747549,51.5236,2017
88587177,360.0,10387.0,2019-07-03 11:27:00,56.0,"Paddington Street, Marylebone",2019-07-03 11:21:00,403,"George Place Mews, Marylebone",-0.15825,51.5169,-0.154701,51.5206,2019
100113128,1440.0,697.0,2020-07-31 16:13:00,581.0,"New Cavendish Street, Marylebone",2020-07-31 15:49:00,239,"Warren Street Station, Euston",-0.138019,51.5244,-0.147983,51.5192,2020
77326382,840.0,10267.0,2018-06-28 00:02:00,626.0,"Normand Park, West Kensington",2018-06-27 23:48:00,2,"Phillimore Gardens, Kensington",-0.197574,51.4996,-0.204815,51.4844,2018
87424052,660.0,10858.0,2019-05-31 12:36:00,800.0,"Sopwith Way, Battersea Park",2019-05-31 12:25:00,288,"Elizabeth Bridge, Victoria",-0.147479,51.4924,-0.149035,51.4811,2019
61888451,300.0,14631.0,2017-01-24 07:25:00,638.0,"Falcon Road, Clapham Junction",2017-01-24 07:20:00,620,"Surrey Lane, Battersea",-0.1671609999999999,51.4752,-0.169821,51.4666,2017
91023720,600.0,14142.0,2019-09-08 18:05:00,737.0,"Fulham Broadway, Walham Green",2019-09-08 17:55:00,610,"Danvers Street, West Chelsea",-0.172078,51.4826,-0.194117,51.4799,2019
97023350,3900.0,8825.0,2020-05-17 14:20:00,600.0,"South Lambeth Road, Vauxhall",2020-05-17 13:15:00,676,"Hartington Road, Stockwell",-0.126874,51.4779,-0.124642,51.4817,2020
99416022,1260.0,13745.0,2020-07-13 20:56:00,338.0,"Wellington Street , Strand",2020-07-13 20:35:00,191,"Hyde Park Corner, Hyde Park",-0.153521,51.5031,-0.119643,51.5118,2020
84533663,180.0,14476.0,2019-02-24 13:24:00,405.0,"Gloucester Road Station, South Kensington",2019-02-24 13:21:00,187,"Queen's Gate (South), South Kensington",-0.1784329999999999,51.4925,-0.182671,51.4942,2019
85287645,5700.0,14555.0,2019-03-25 13:03:00,144.0,"Kennington Cross, Kennington",2019-03-25 11:28:00,336,"Concert Hall Approach 2, South Bank",-0.115851,51.505,-0.111436,51.4889,2019
88087923,4020.0,9010.0,2019-06-20 19:07:00,766.0,"Ram Street, Wandsworth",2019-06-20 18:00:00,484,"Bromley High Street, Bow",-0.013258,51.5288,-0.192166,51.4575,2019
78867942,420.0,13433.0,2018-08-03 18:57:00,508.0,"Fournier Street, Whitechapel",2018-08-03 18:50:00,443,"Philpot Street, Whitechapel",-0.058641,51.5153,-0.074431,51.5194,2018
74218155,240.0,10289.0,2018-03-30 11:24:00,676.0,"Hartington Road, Stockwell",2018-03-30 11:20:00,74,"Vauxhall Cross, Vauxhall",-0.12447,51.4859,-0.126874,51.4779,2018
71198617,900.0,12949.0,2017-11-08 19:00:00,280.0,"Royal Avenue 2, Chelsea",2017-11-08 18:45:00,670,"Ashley Crescent, Battersea",-0.152249,51.4672,-0.162727,51.4899,2017
89032065,2220.0,12689.0,2019-07-14 13:22:00,660.0,"West Kensington Station, West Kensington",2019-07-14 12:45:00,633,"Vereker Road, West Kensington",-0.209379,51.4896,-0.20603,51.4909,2019
98375955,840.0,14724.0,2020-06-19 11:45:00,833.0,"Saltoun Road, Brixton",2020-06-19 11:31:00,603,"Caldwell Street, Stockwell",-0.116493,51.4778,-0.115375,51.460232,2020
72223369,720.0,14649.0,2017-12-22 11:07:00,487.0,"Canton Street, Poplar",2017-12-22 10:55:00,563,"Preston's Road, Cubitt Town",-0.009152,51.4993,-0.025626,51.5118,2017
76449539,1620.0,5487.0,2018-06-06 14:09:00,248.0,"Triangle Car Park, Hyde Park",2018-06-06 13:42:00,228,"St. James's Square, St. James's",-0.134621,51.5074,-0.17028,51.5065,2018
82415989,840.0,11137.0,2018-11-21 10:13:00,273.0,"Belvedere Road 1, South Bank",2018-11-21 09:59:00,217,"Wormwood Street, Liverpool Street",-0.0824223999999999,51.5162,-0.114686,51.5061,2018
84917833,1020.0,9355.0,2019-03-11 08:57:00,130.0,"Tower Gardens , Tower",2019-03-11 08:40:00,718,"Ada Street, Hackney Central",-0.0602918,51.5357,-0.0754595,51.5095,2019
75984858,840.0,5608.0,2018-05-24 18:09:00,650.0,"St. Mark's Road, North Kensington",2018-05-24 17:55:00,397,"Devonshire Terrace, Bayswater",-0.17977,51.5135,-0.2138719999999999,51.5169,2018
99373506,1560.0,7809.0,2020-07-12 19:47:00,40.0,"Commercial Street, Shoreditch",2020-07-12 19:21:00,427,"Cheapside, Bank",-0.0929403,51.514,-0.0755789,51.5213,2020
67725541,900.0,3086.0,2017-07-25 10:57:00,98.0,"Hampstead Road, Euston",2017-07-25 10:42:00,63,"Murray Grove , Hoxton",-0.0897826,51.5309,-0.138231,51.5255,2017
77003069,720.0,2720.0,2018-06-20 17:09:00,358.0,"High Holborn , Covent Garden",2018-06-20 16:57:00,126,"Museum of London, Barbican",-0.0964969,51.5178,-0.124332,51.5164,2018
70938441,240.0,5879.0,2017-10-31 08:36:00,249.0,"Harper Road, The Borough",2017-10-31 08:32:00,223,"Rodney Road , Walworth",-0.0902208999999999,51.4915,-0.0961911,51.4986,2017
98078275,660.0,11937.0,2020-06-11 20:34:00,452.0,"St. Katharine's Way, Tower",2020-06-11 20:23:00,449,"Shadwell Station, Shadwell",-0.057159,51.5111,-0.070542,51.5057,2020
89943623,660.0,102.0,2019-08-07 20:20:00,225.0,"Notting Hill Gate Station, Notting Hill",2019-08-07 20:09:00,524,"Lancaster Gate , Bayswater",-0.179668,51.5117,-0.196422,51.5094,2019
71663017,480.0,14914.0,2017-11-26 12:14:00,69.0,"Euston Road, Euston",2017-11-26 12:06:00,535,"Gloucester Avenue, Camden Town",-0.147154,51.5373,-0.134408,51.5262,2017
97079512,900.0,887.0,2020-05-18 17:17:00,296.0,"Knaresborough Place, Earl's Court",2020-05-18 17:02:00,163,"Sloane Avenue, Knightsbridge",-0.167895,51.4932,-0.190603,51.4936,2020
83970458,1020.0,3455.0,2019-02-01 16:45:00,353.0,"Greycoat Street , Westminster",2019-02-01 16:28:00,625,"Queen's Circus, Battersea Park",-0.149552,51.4776,-0.134234,51.4946,2019
97770577,1440.0,5430.0,2020-06-02 09:32:00,368.0,"Harriet Street, Knightsbridge",2020-06-02 09:08:00,776,"Abyssinia Close, Clapham Junction",-0.1670289999999999,51.4603,-0.159341,51.5002,2020
84248187,180.0,13611.0,2019-02-14 09:00:00,486.0,"Granby Street, Shoreditch",2019-02-14 08:57:00,479,"Pott Street, Bethnal Green",-0.0580049999999999,51.5272,-0.069543,51.5256,2019
87345462,660.0,6931.0,2019-05-29 08:56:00,251.0,"Brushfield Street, Liverpool Street",2019-05-29 08:45:00,452,"St. Katharine's Way, Tower",-0.070542,51.5057,-0.079249,51.5189,2019
76210278,540.0,5500.0,2018-05-31 10:11:00,755.0,"The Vale, Chelsea",2018-05-31 10:02:00,658,"Ethelburga Estate, Battersea Park",-0.164786,51.4773,-0.174972,51.4851,2018
68170205,1779.0,13753.0,2017-08-07 09:13:00,146.0,"Vauxhall Bridge , Pimlico",2017-08-07 08:43:00,664,"Austin Road, Battersea Park",-0.155443,51.4744,-0.1293619999999999,51.4884,2017
73250076,720.0,11769.0,2018-02-12 17:35:00,14.0,"Belgrove Street , King's Cross",2018-02-12 17:23:00,341,"Craven Street, Strand",-0.126021,51.5081,-0.123617,51.5299,2018
73693996,300.0,10105.0,2018-03-07 06:19:00,636.0,"South Park, Sands End",2018-03-07 06:14:00,671,"Parsons Green Station, Parsons Green",-0.201968,51.4751,-0.193502,51.4671,2018
76520719,1020.0,3166.0,2018-06-08 09:00:00,595.0,"Hammersmith Road, Hammersmith",2018-06-08 08:43:00,769,"Sandilands Road, Walham Green",-0.191803,51.4736,-0.21985,51.4933,2018
71374334,1200.0,14260.0,2017-11-15 13:19:00,680.0,"Westbridge Road, Battersea",2017-11-15 12:59:00,266,"Queen's Gate (North), Kensington",-0.180246,51.501000000000005,-0.170329,51.4777,2017
95506180,240.0,8024.0,2020-03-06 09:21:00,588.0,"Hoxton Street, Hoxton",2020-03-06 09:17:00,132,"Bethnal Green Road, Shoreditch",-0.0747549,51.5236,-0.0801,51.5296,2020
74062116,360.0,8818.0,2018-03-23 09:04:00,39.0,"Shoreditch High Street, Shoreditch",2018-03-23 08:58:00,512,"Pritchard's Road, Bethnal Green",-0.06142,51.5321,-0.0781309,51.5264,2018
86713009,900.0,7745.0,2019-05-11 13:04:00,222.0,"Knightsbridge, Hyde Park",2019-05-11 12:49:00,141,"Chapel Place, Marylebone",-0.147204,51.5153,-0.15535,51.5028,2019
82250457,1200.0,9291.0,2018-11-14 08:57:00,357.0,"Howland Street, Fitzrovia",2018-11-14 08:37:00,41,"Pindar Street, Liverpool Street",-0.0839111999999999,51.52,-0.139016,51.521,2018
81302830,2340.0,6472.0,2018-10-13 12:07:00,223.0,"Rodney Road , Walworth",2018-10-13 11:28:00,222,"Knightsbridge, Hyde Park",-0.15535,51.5028,-0.0902208999999999,51.4915,2018
88687363,1500.0,10928.0,2019-07-05 16:39:00,360.0,"Howick Place, Westminster",2019-07-05 16:14:00,781,"Victoria & Albert Museum, South Kensington",-0.172065,51.4967,-0.138734,51.4968,2019
86237200,600.0,131.0,2019-04-25 08:53:00,13.0,"Scala Street, Fitzrovia",2019-04-25 08:43:00,514,"Portman Square, Marylebone",-0.155525,51.5162,-0.13604,51.5199,2019
96935248,7800.0,2807.0,2020-05-15 12:38:00,439.0,"Killick Street, King's Cross",2020-05-15 10:28:00,439,"Killick Street, King's Cross",-0.118677,51.5338,-0.118677,51.5338,2020
93052171,660.0,13224.0,2019-11-17 17:22:00,691.0,"Erin Close, Walham Green",2019-11-17 17:11:00,220,"Chelsea Green, Chelsea",-0.166485,51.4907,-0.195777,51.4795,2019
88320152,1200.0,145.0,2019-06-26 18:57:00,190.0,"Rampayne Street, Pimlico",2019-06-26 18:37:00,587,"Monument Street, Monument",-0.08497,51.5096,-0.132846,51.49,2019
88089132,1020.0,12090.0,2019-06-20 18:31:00,236.0,"Fashion Street, Whitechapel",2019-06-20 18:14:00,645,"Great Suffolk Street, The Borough",-0.1002919999999999,51.5017,-0.0734388999999999,51.5184,2019
85490391,1500.0,4208.0,2019-03-31 17:07:00,779.0,"Houndsditch, Aldgate",2019-03-31 16:42:00,562,"Bury Place, Holborn",-0.12335,51.5175,-0.077179,51.5144,2019
88893047,840.0,2900.0,2019-07-10 19:23:00,613.0,"Woodstock Grove, Shepherd's Bush",2019-07-10 19:09:00,153,"Bayswater Road, Hyde Park",-0.174293,51.5118,-0.2174,51.504,2019
82681849,1020.0,5589.0,2018-12-03 07:29:00,46.0,"Nesham Street, Wapping",2018-12-03 07:12:00,154,"Waterloo Station 3, Waterloo",-0.113864,51.504,-0.06691,51.5071,2018
64914852,720.0,8379.0,2017-05-12 14:27:00,404.0,"Palace Gate, Kensington Gardens",2017-05-12 14:15:00,307,"Black Lion Gate, Kensington Gardens",-0.187843,51.5099,-0.1844,51.502,2017
75794334,1560.0,6685.0,2018-05-19 20:17:00,138.0,"Green Street, Mayfair",2018-05-19 19:51:00,16,"Cartwright Gardens , Bloomsbury",-0.125979,51.5264,-0.157437,51.5123,2018
93558435,1020.0,9638.0,2019-12-07 20:42:00,153.0,"Bayswater Road, Hyde Park",2019-12-07 20:25:00,191,"Hyde Park Corner, Hyde Park",-0.153521,51.5031,-0.174293,51.5118,2019
83940625,480.0,8371.0,2019-01-31 08:08:00,568.0,"Bishop's Bridge Road West, Bayswater",2019-01-31 08:00:00,255,"Clifton Road, Maida Vale",-0.179593,51.5256,-0.18697,51.5162,2019
73638017,360.0,7090.0,2018-03-04 18:25:00,696.0,"Charing Cross Hospital, Hammersmith",2018-03-04 18:19:00,730,"Bridge Avenue, Hammersmith",-0.229117,51.4921,-0.217996,51.4873,2018
95043975,420.0,5214.0,2020-02-13 22:16:00,600.0,"South Lambeth Road, Vauxhall",2020-02-13 22:09:00,74,"Vauxhall Cross, Vauxhall",-0.12447,51.4859,-0.124642,51.4817,2020
61823233,660.0,9339.0,2017-01-20 18:52:00,272.0,"Baylis Road, Waterloo",2017-01-20 18:41:00,732,"Duke Street Hill, London Bridge",-0.087263,51.5063,-0.110699,51.5014,2017
100394411,1620.0,15383.0,2020-08-06 20:21:00,395.0,"Cadogan Gardens, Chelsea",2020-08-06 19:54:00,279,"North Wharf Road, Paddington",-0.176646,51.5186,-0.159919,51.4925,2020
79149783,720.0,11122.0,2018-08-11 12:40:00,649.0,"World's End Place, West Chelsea",2018-08-11 12:28:00,616,"Aintree Street, Fulham",-0.209973,51.481,-0.180275,51.4818,2018
101208768,1020.0,7918.0,2020-08-28 16:05:00,125.0,"Borough High Street, The Borough",2020-08-28 15:48:00,772,"Binfield Road, Stockwell",-0.122832,51.4725,-0.0945243,51.5007,2020
72692714,180.0,11856.0,2018-01-18 07:50:00,57.0,"Guilford Street , Bloomsbury",2018-01-18 07:47:00,14,"Belgrove Street , King's Cross",-0.123617,51.5299,-0.1202029999999999,51.5233,2018
97900724,1680.0,1011.0,2020-06-05 23:40:00,475.0,"Lightermans Road, Millwall",2020-06-05 23:12:00,475,"Lightermans Road, Millwall",-0.0201569999999999,51.499,-0.0201569999999999,51.499,2020
87086046,480.0,271.0,2019-05-21 21:04:00,611.0,"Princedale Road , Holland Park",2019-05-21 20:56:00,754,"Grenfell Road, Avondale",-0.214763,51.5129,-0.2084869999999999,51.5065,2019
99457455,1320.0,10831.0,2020-07-15 07:50:00,57.0,"Guilford Street , Bloomsbury",2020-07-15 07:28:00,47,"Warwick Avenue Station, Maida Vale",-0.183846,51.5233,-0.1202029999999999,51.5233,2020
72681148,480.0,12076.0,2018-01-17 17:30:00,194.0,"Hop Exchange, The Borough",2018-01-17 17:22:00,251,"Brushfield Street, Liverpool Street",-0.079249,51.5189,-0.0917738,51.5046,2018
96468840,1140.0,5989.0,2020-04-25 18:00:00,668.0,"Ravenscourt Park Station, Hammersmith",2020-04-25 17:41:00,648,"Peterborough Road, Sands End",-0.196275,51.469,-0.2367699999999999,51.4942,2020
100172766,540.0,16364.0,2020-08-01 17:41:00,224.0,"Queensway, Kensington Gardens",2020-08-01 17:32:00,290,"St Mary's Hospital, Paddington",-0.1711032,51.518268,-0.1874024,51.51031,2020
88765232,900.0,15656.0,2019-07-07 18:22:00,381.0,"Charlotte Street, Fitzrovia",2019-07-07 18:07:00,358,"High Holborn , Covent Garden",-0.124332,51.5164,-0.135777,51.5195,2019
79817197,780.0,14056.0,2018-08-31 15:38:00,130.0,"Tower Gardens , Tower",2018-08-31 15:25:00,194,"Hop Exchange, The Borough",-0.0917738,51.5046,-0.0754595,51.5095,2018
74590229,600.0,9254.0,2018-04-16 07:34:00,27.0,"Bouverie Street, Temple",2018-04-16 07:24:00,173,"Waterloo Road, South Bank",-0.113001,51.5049,-0.107928,51.5138,2018
68174745,2736.0,5302.0,2017-08-07 12:03:00,819.0,"Belvedere Road 2, South Bank",2017-08-07 11:18:00,351,"Macclesfield Rd, St Lukes",-0.097122,51.5294,-0.114686,51.5061,2017
91930264,840.0,14124.0,2019-10-06 19:58:00,158.0,"Trebovir Road, Earl's Court",2019-10-06 19:44:00,619,"Irene Road, Parsons Green",-0.19701,51.4738,-0.19617,51.4909,2019
89547434,1020.0,11328.0,2019-07-28 14:38:00,271.0,"London Zoo,  The Regent's Park",2019-07-28 14:21:00,462,"Bonny Street, Camden Town",-0.138853,51.5416,-0.1562849999999999,51.5358,2019
85878836,600.0,16335.0,2019-04-15 14:47:00,177.0,"Ashley Place, Victoria",2019-04-15 14:37:00,226,"Charles II Street, West End",-0.131961,51.5084,-0.140948,51.4962,2019
89094186,1020.0,5258.0,2019-07-16 06:49:00,213.0,"Wellington Arch, Hyde Park",2019-07-16 06:32:00,223,"Rodney Road , Walworth",-0.0902208999999999,51.4915,-0.149569,51.5027,2019
97500993,120.0,16546.0,2020-05-28 08:29:00,67.0,"Hatton Garden, Holborn",2020-05-28 08:27:00,22,"Northington Street , Holborn",-0.114079,51.5223,-0.108028,51.5188,2020
88032912,1200.0,8900.0,2019-06-19 09:03:00,27.0,"Bouverie Street, Temple",2019-06-19 08:43:00,827,"Cranmer Road, Stockwell",-0.111481,51.479593,-0.107928,51.5138,2019
65693383,1080.0,14015.0,2017-06-03 14:01:00,520.0,"Bancroft Road, Bethnal Green",2017-06-03 13:43:00,365,"City Road, Angel",-0.100168,51.5303,-0.047218,51.526,2017
91542365,900.0,8837.0,2019-09-23 08:30:00,80.0,"Webber Street , Southwark",2019-09-23 08:15:00,508,"Fournier Street, Whitechapel",-0.074431,51.5194,-0.102091,51.5007,2019
79186300,720.0,1957.0,2018-08-12 15:29:00,302.0,"Putney Pier, Wandsworth",2018-08-12 15:17:00,739,"Hortensia Road, West Brompton",-0.185274,51.4818,-0.216573,51.4669,2018
71611672,900.0,6200.0,2017-11-24 07:44:00,427.0,"Cheapside, Bank",2017-11-24 07:29:00,91,"Walnut Tree Walk, Vauxhall",-0.111015,51.4937,-0.0929403,51.514,2017
62906726,900.0,8469.0,2017-03-08 15:16:00,267.0,"Regency Street, Westminster",2017-03-08 15:01:00,18,"Drury Lane, Covent Garden",-0.12222,51.5148,-0.132225,51.4921,2017
61813572,1620.0,7873.0,2017-01-20 13:41:00,133.0,"Derry Street, Kensington",2017-01-20 13:14:00,142,"West Cromwell Road, Earl's Court",-0.198287,51.4937,-0.191462,51.5014,2017
87979084,1200.0,14540.0,2019-06-17 17:34:00,465.0,"Pitfield Street North,Hoxton",2019-06-17 17:14:00,57,"Guilford Street , Bloomsbury",-0.1202029999999999,51.5233,-0.08249,51.5356,2019
61481895,540.0,11790.0,2017-01-05 20:11:00,383.0,"Frith Street, Soho",2017-01-05 20:02:00,180,"North Audley Street, Mayfair",-0.153645,51.5129,-0.131214,51.5131,2017
78839780,960.0,2550.0,2018-08-03 08:24:00,127.0,"Wood Street, Guildhall",2018-08-03 08:08:00,129,"Golden Square, Soho",-0.137044,51.5119,-0.0938854,51.517,2018
91611689,1200.0,2210.0,2019-09-25 17:34:00,155.0,"Lexham Gardens, Kensington",2019-09-25 17:14:00,49,"Curzon Street, Mayfair",-0.145904,51.5071,-0.191934,51.4959,2019
86856418,840.0,14208.0,2019-05-15 11:18:00,371.0,"King Edward Walk, Waterloo",2019-05-15 11:04:00,27,"Bouverie Street, Temple",-0.107928,51.5138,-0.1098799999999999,51.4978,2019
71584683,780.0,1128.0,2017-11-23 08:51:00,153.0,"Bayswater Road, Hyde Park",2017-11-23 08:38:00,167,"Eccleston Place, Victoria",-0.147624,51.494,-0.174293,51.5118,2017
96193740,360.0,17298.0,2020-04-13 14:25:00,42.0,"Wenlock Road , Hoxton",2020-04-13 14:19:00,234,"Liverpool Road (N1 Centre), Angel",-0.106993,51.5345,-0.0939038,51.531000000000006,2020
101289484,1560.0,8233.0,2020-08-31 01:30:00,537.0,"Old Montague Street, Whitechapel",2020-08-31 01:04:00,39,"Shoreditch High Street, Shoreditch",-0.0781309,51.5264,-0.067937,51.5179,2020
92052803,1500.0,10242.0,2019-10-10 16:47:00,738.0,"Imperial Road, Sands End",2019-10-10 16:22:00,288,"Elizabeth Bridge, Victoria",-0.147479,51.4924,-0.187279,51.4751,2019
95722605,480.0,10020.0,2020-03-15 11:35:00,58.0,"New Inn Yard, Shoreditch",2020-03-15 11:27:00,331,"Bunhill Row, Moorgate",-0.0898878999999999,51.5209,-0.0792481,51.5245,2020
73906361,1440.0,15214.0,2018-03-15 23:13:00,248.0,"Triangle Car Park, Hyde Park",2018-03-15 22:49:00,224,"Whiteley's, Bayswater",-0.1874024,51.51031,-0.17028,51.5065,2018
80308261,1260.0,2400.0,2018-09-14 08:50:00,193.0,"Bankside Mix, Bankside",2018-09-14 08:29:00,830,"Sidney Road, Stockwell",-0.119023,51.469202,-0.100186,51.5058,2018
